"DESCRIPTION","DURATION IN MS","NAME","PARENT SUITE","START TIME","STATUS","STOP TIME","SUB SUITE","SUITE","TEST CLASS","TEST METHOD"
"","0","MessageRoundTrip","","Sun Oct 04 14:37:34 UTC 2026","passed","Sun Oct 04 14:37:34 UTC 2026","","UdpTransportTest","UdpTransportTest",""
"","0","MultiSegmentMessage","","Sun Oct 04 14:37:35 UTC 2026","passed","Sun Oct 04 14:37:35 UTC 2026","","TpTest","TpTest",""
"","0","IndependentAllocations","","Sun Oct 04 14:37:11 UTC 2026","passed","Sun Oct 04 14:37:11 UTC 2026","","MemoryTest","MemoryTest",""
"","101","SubscribeRejectsDuplicateUdpEndpoints","","Sun Oct 04 14:37:12 UTC 2026","passed","Sun Oct 04 14:37:12 UTC 2026","","SdIntegrationTest","SdIntegrationTest",""
"","0","CleanupKeepsFreshSessions","","Sun Oct 04 14:37:11 UTC 2026","passed","Sun Oct 04 14:37:11 UTC 2026","","SessionManagerTest","SessionManagerTest",""
"","0","IPv6_SingleGroup","","Sun Oct 04 14:37:11 UTC 2026","passed","Sun Oct 04 14:37:11 UTC 2026","","EndpointTest","EndpointTest",""
"","0","DefaultNull","","Sun Oct 04 14:34:11 UTC 2026","passed","Sun Oct 04 14:34:11 UTC 2026","","IntrusivePtrTest","IntrusivePtrTest",""
"","0","DeserializeTruncatedHeader","","Sun Oct 04 14:37:11 UTC 2026","passed","Sun Oct 04 14:37:11 UTC 2026","","SdTest","SdTest",""
"","0","SingleSegmentMessage","","Sun Oct 04 14:37:35 UTC 2026","passed","Sun Oct 04 14:37:35 UTC 2026","","TpTest","TpTest",""
"","0","AlignmentExceedsBuffer","","Sun Oct 04 14:37:11 UTC 2026","passed","Sun Oct 04 14:37:11 UTC 2026","","SerializationTest","SerializationTest",""
"","104","CapiUdpHelloTest","","Sun Oct 04 14:37:09 UTC 2026","passed","Sun Oct 04 14:37:09 UTC 2026","","(empty)","CapiUdpHelloTest",""
"","","roundtrip_service_id","","","passed","","","test_core","test_core",""
"","0","Session_IsExpired","","Sun Oct 04 14:37:11 UTC 2026","passed","Sun Oct 04 14:37:11 UTC 2026","","SessionManagerTest","SessionManagerTest",""
"","200","ServerAcceptsMultipleConcurrentClients","","Sun Oct 04 14:37:25 UTC 2026","passed","Sun Oct 04 14:37:25 UTC 2026","","TcpTransportTest","TcpTransportTest",""
"","0","MulticastInterfaceConfiguration","","Sun Oct 04 14:37:34 UTC 2026","passed","Sun Oct 04 14:37:34 UTC 2026","","UdpTransportTest","UdpTransportTest",""
"","0","SingleMessageMismatchedLengthRejected","","Sun Oct 04 14:37:35 UTC 2026","passed","Sun Oct 04 14:37:35 UTC 2026","","TpTest","TpTest",""
"","0","ZeroDuration","","Sun Oct 04 14:37:11 UTC 2026","passed","Sun Oct 04 14:37:11 UTC 2026","","SleepForTest","SleepForTest",""
"","2","test_plugin_registration","","Sun Oct 04 14:34:18 UTC 2026","passed","Sun Oct 04 14:34:18 UTC 2026","","pytest","integration.test_e2e_integration.E2EIntegrationTest",""
"","0","NullHandleReturnsError","","Sun Oct 04 14:37:10 UTC 2026","passed","Sun Oct 04 14:37:10 UTC 2026","","CapiEventSubscriber","CapiEventSubscriber",""
"","0","CreateAndDestroy","","Sun Oct 04 14:37:10 UTC 2026","passed","Sun Oct 04 14:37:10 UTC 2026","","CapiEventSubscriber","CapiEventSubscriber",""
"","0","CRC8_Deterministic","","Sun Oct 04 14:37:35 UTC 2026","passed","Sun Oct 04 14:37:35 UTC 2026","","E2ETest","E2ETest",""
"","3","test_counter_rollover","","Sun Oct 04 14:34:18 UTC 2026","passed","Sun Oct 04 14:34:18 UTC 2026","","pytest","integration.test_e2e_integration.E2EIntegrationTest",""
"","0","SerializeDeserializeFloat","","Sun Oct 04 14:37:11 UTC 2026","passed","Sun Oct 04 14:37:11 UTC 2026","","SerializationTest","SerializationTest",""
"","1500","SubscriptionExpiresAfterTTL","","Sun Oct 04 14:37:19 UTC 2026","passed","Sun Oct 04 14:37:21 UTC 2026","","EventsSubscriptionTTLTest","EventsSubscriptionTTLTest",""
"","0","DynamicArrayRoundTrip","","Sun Oct 04 14:37:11 UTC 2026","passed","Sun Oct 04 14:37:11 UTC 2026","","SerializationTest","SerializationTest",""
"","4","CapiEventsTest","","Sun Oct 04 14:37:09 UTC 2026","passed","Sun Oct 04 14:37:09 UTC 2026","","(empty)","CapiEventsTest",""
"","0","SerializeDeserializeInt32","","Sun Oct 04 14:37:11 UTC 2026","passed","Sun Oct 04 14:37:11 UTC 2026","","SerializationTest","SerializationTest",""
"","211","UnresolvedDestinationFailsBeforeSend","","Sun Oct 04 14:37:18 UTC 2026","passed","Sun Oct 04 14:37:18 UTC 2026","","EventsTest","EventsTest",""
"","700","ReconnectFromSameSourcePortReplacesStaleSlot","","Sun Oct 04 14:37:25 UTC 2026","passed","Sun Oct 04 14:37:26 UTC 2026","","TcpTransportTest","TcpTransportTest",""
"","0","CRC_AllTypesNonZeroForKnownPayload","","Sun Oct 04 14:37:35 UTC 2026","passed","Sun Oct 04 14:37:35 UTC 2026","","E2ETest","E2ETest",""
"","","e2e_header_present","","","passed","","","test_core","test_core",""
"","0","VectorPushBack","","Sun Oct 04 14:34:11 UTC 2026","passed","Sun Oct 04 14:34:11 UTC 2026","","ContainerTest","ContainerTest",""
"","0","InvalidMulticastGroup","","Sun Oct 04 14:37:34 UTC 2026","passed","Sun Oct 04 14:37:34 UTC 2026","","UdpTransportTest","UdpTransportTest",""
"","","crc_dispatch_type0","","","passed","","","test_core","test_core",""
"","105","EventDrivenTcpTransportTest","","Sun Oct 04 14:37:09 UTC 2026","passed","Sun Oct 04 14:37:09 UTC 2026","","(empty)","EventDrivenTcpTransportTest",""
"","0","ListenerCallbacks","","Sun Oct 04 14:37:25 UTC 2026","passed","Sun Oct 04 14:37:25 UTC 2026","","TcpTransportTest","TcpTransportTest",""
"","913","ClientSendToStalledPeerWaitsWithoutSpinning","","Sun Oct 04 14:37:25 UTC 2026","passed","Sun Oct 04 14:37:26 UTC 2026","","TcpTransportTest","TcpTransportTest",""
"","0","IPv6_MCDC_D7_CompressionValid","","Sun Oct 04 14:37:11 UTC 2026","passed","Sun Oct 04 14:37:11 UTC 2026","","EndpointTest","EndpointTest",""
"","0","RpcRequestConstruction","","Sun Oct 04 14:37:11 UTC 2026","passed","Sun Oct 04 14:37:11 UTC 2026","","RpcTest","RpcTest",""
"","0","Uint64BigEndianWireBytes","","Sun Oct 04 14:37:11 UTC 2026","passed","Sun Oct 04 14:37:11 UTC 2026","","SerializationTest","SerializationTest",""
"","0","DefaultProtocolIsUdp","","Sun Oct 04 14:37:11 UTC 2026","passed","Sun Oct 04 14:37:11 UTC 2026","","EndpointTest","EndpointTest",""
"","0","CopyAssignment","","Sun Oct 04 14:37:11 UTC 2026","passed","Sun Oct 04 14:37:11 UTC 2026","","EndpointTest","EndpointTest",""
"","0","ConnectReportsConnectingDuringHandshake","","Sun Oct 04 14:37:25 UTC 2026","passed","Sun Oct 04 14:37:25 UTC 2026","","TcpTransportTest","TcpTransportTest",""
"","200","DoubleDisconnect","","Sun Oct 04 14:37:25 UTC 2026","passed","Sun Oct 04 14:37:25 UTC 2026","","TcpTransportTest","TcpTransportTest",""
"","500","AckMulticastOptionUsesEventgroupEndpoint","","Sun Oct 04 14:37:12 UTC 2026","passed","Sun Oct 04 14:37:13 UTC 2026","","SdIntegrationTest","SdIntegrationTest",""
"","0","ClientFailsWithoutRemoteEndpoint","","Sun Oct 04 14:37:11 UTC 2026","passed","Sun Oct 04 14:37:11 UTC 2026","","RpcTest","RpcTest",""
"","0","Hash_UsableInUnorderedSet","","Sun Oct 04 14:37:11 UTC 2026","passed","Sun Oct 04 14:37:11 UTC 2026","","EndpointTest","EndpointTest",""
"","0","CopyAndMove","","Sun Oct 04 14:37:11 UTC 2026","passed","Sun Oct 04 14:37:11 UTC 2026","","MessageTest","MessageTest",""
"","0","ShortWirePrefixReportsMessageIdOnly","","Sun Oct 04 14:37:35 UTC 2026","passed","Sun Oct 04 14:37:35 UTC 2026","","MessageRejectionIds","MessageRejectionIds",""
"","0","WireIngestUnknownTotalUntilLast","","Sun Oct 04 14:37:35 UTC 2026","passed","Sun Oct 04 14:37:35 UTC 2026","","TpTest","TpTest",""
"","0","NullHandleReturnsError","","Sun Oct 04 14:37:10 UTC 2026","passed","Sun Oct 04 14:37:10 UTC 2026","","CapiSerializer","CapiSerializer",""
"","0","LeaveCancelsPendingReattempt","","Sun Oct 04 14:37:35 UTC 2026","passed","Sun Oct 04 14:37:35 UTC 2026","","MulticastMembershipTest","MulticastMembershipTest",""
"","1500","MultipleSubscribersDifferentTTL","","Sun Oct 04 14:37:19 UTC 2026","passed","Sun Oct 04 14:37:21 UTC 2026","","EventsSubscriptionTTLTest","EventsSubscriptionTTLTest",""
"","0","StopSubscribeNonExistentReturnsFalse","","Sun Oct 04 14:37:19 UTC 2026","passed","Sun Oct 04 14:37:19 UTC 2026","","EventsSubscriptionTTLTest","EventsSubscriptionTTLTest",""
"","60","SubscribeSentToUnicastNotMulticast","","Sun Oct 04 14:37:12 UTC 2026","passed","Sun Oct 04 14:37:12 UTC 2026","","SdIntegrationTest","SdIntegrationTest",""
"","0","SdHeaderRequiresInterfaceVersionOne","","Sun Oct 04 14:37:11 UTC 2026","passed","Sun Oct 04 14:37:11 UTC 2026","","MessageTest","MessageTest",""
"","0","E2EHeaderSizeStaticAccess","","Sun Oct 04 14:37:11 UTC 2026","passed","Sun Oct 04 14:37:11 UTC 2026","","MessageTest","MessageTest",""
"","","tp_multi_segment_ok","","","passed","","","test_core","test_core",""
"","0","SessionNotFound","","Sun Oct 04 14:37:11 UTC 2026","passed","Sun Oct 04 14:37:11 UTC 2026","","SessionManagerTest","SessionManagerTest",""
"","","tp_invalid_transfer_id","","","passed","","","test_core","test_core",""
"","0","MaxUdpPayloadSize","","Sun Oct 04 14:37:34 UTC 2026","passed","Sun Oct 04 14:37:34 UTC 2026","","UdpTransportTest","UdpTransportTest",""
"","2519","test_echo_multiple_messages","","Sun Oct 04 14:34:18 UTC 2026","passed","Sun Oct 04 14:34:20 UTC 2026","","pytest","integration.test_echo_integration",""
"","0","MessageExceedsMaxSize","","Sun Oct 04 14:37:35 UTC 2026","passed","Sun Oct 04 14:37:35 UTC 2026","","TpTest","TpTest",""
"","1","test_multiple_protected_messages","","Sun Oct 04 14:34:18 UTC 2026","passed","Sun Oct 04 14:34:18 UTC 2026","","pytest","integration.test_e2e_integration.E2EIntegrationTest",""
"","0","SerializeDeserializeInt8","","Sun Oct 04 14:37:11 UTC 2026","passed","Sun Oct 04 14:37:11 UTC 2026","","SerializationTest","SerializationTest",""
"","0","SendForwardsToAdapter","","Sun Oct 04 14:37:35 UTC 2026","passed","Sun Oct 04 14:37:35 UTC 2026","","EventDrivenUdpTransport","EventDrivenUdpTransport",""
"","0","MessageTooLarge","","Sun Oct 04 14:37:35 UTC 2026","passed","Sun Oct 04 14:37:35 UTC 2026","","TpTest","TpTest",""
"","0","IPv4_MCDC_D5_TrailingCharacters","","Sun Oct 04 14:37:11 UTC 2026","passed","Sun Oct 04 14:37:11 UTC 2026","","EndpointTest","EndpointTest",""
"","1","EtlErrorHandlerTest","","Sun Oct 04 14:34:09 UTC 2026","passed","Sun Oct 04 14:34:09 UTC 2026","","(empty)","EtlErrorHandlerTest",""
"","0","MulticastJoinSuccessClearsDiagnostics","","Sun Oct 04 14:37:34 UTC 2026","passed","Sun Oct 04 14:37:34 UTC 2026","","UdpTransportTest","UdpTransportTest",""
"","0","PayloadViewIterable","","Sun Oct 04 14:37:11 UTC 2026","passed","Sun Oct 04 14:37:11 UTC 2026","","MessageTest","MessageTest",""
"","1","test_pack_interface_version_two","","Sun Oct 04 14:34:18 UTC 2026","passed","Sun Oct 04 14:34:18 UTC 2026","","pytest","integration.test_rpc_spec_integration",""
"","0","Uint64DeserializeFromBigEndian","","Sun Oct 04 14:37:11 UTC 2026","passed","Sun Oct 04 14:37:11 UTC 2026","","SerializationTest","SerializationTest",""
"","0","IPv6_MCDC_D4_LeadingColonNoCompression","","Sun Oct 04 14:37:11 UTC 2026","passed","Sun Oct 04 14:37:11 UTC 2026","","EndpointTest","EndpointTest",""
"","300","OnePeerDisconnectingLeavesOthersConnected","","Sun Oct 04 14:37:25 UTC 2026","passed","Sun Oct 04 14:37:25 UTC 2026","","TcpTransportTest","TcpTransportTest",""
"","0","DoubleUnlockNoCrash","","Sun Oct 04 14:37:11 UTC 2026","passed","Sun Oct 04 14:37:11 UTC 2026","","MutexTest","MutexTest",""
"","0","IPv4_MCDC_D1_TooLong","","Sun Oct 04 14:37:11 UTC 2026","passed","Sun Oct 04 14:37:11 UTC 2026","","EndpointTest","EndpointTest",""
"","","boundary_min_u16","","","passed","","","test_core","test_core",""
"","0","Hash_SameEndpointsSameHash","","Sun Oct 04 14:37:11 UTC 2026","passed","Sun Oct 04 14:37:11 UTC 2026","","EndpointTest","EndpointTest",""
"","20","CallerRetainsMutexOwnershipAfterWaitWithPredicate","","Sun Oct 04 14:37:11 UTC 2026","passed","Sun Oct 04 14:37:11 UTC 2026","","ConditionVariableTest","ConditionVariableTest",""
"","","empty_address","","","passed","","","test_core","test_core",""
"","0","MultipleMagicCookiesConsumed","","Sun Oct 04 14:37:25 UTC 2026","passed","Sun Oct 04 14:37:25 UTC 2026","","TcpTransportTest","TcpTransportTest",""
"","","multicast_valid","","","passed","","","test_core","test_core",""
"","0","ReassemblerInvalidSegment","","Sun Oct 04 14:37:35 UTC 2026","passed","Sun Oct 04 14:37:35 UTC 2026","","TpTest","TpTest",""
"","1","SerializationBufferOverflow","","Sun Oct 04 14:37:11 UTC 2026","passed","Sun Oct 04 14:37:11 UTC 2026","","MessageTest","MessageTest",""
"","0","CRC16ITUX25","","Sun Oct 04 14:37:35 UTC 2026","passed","Sun Oct 04 14:37:35 UTC 2026","","E2ETest","E2ETest",""
"","0","NullHandleReturnsError","","Sun Oct 04 14:37:10 UTC 2026","passed","Sun Oct 04 14:37:10 UTC 2026","","CapiMessage","CapiMessage",""
"","","payload_size","","","passed","","","test_core","test_core",""
"","0","ServerOfferService","","Sun Oct 04 14:37:12 UTC 2026","passed","Sun Oct 04 14:37:12 UTC 2026","","SdIntegrationTest","SdIntegrationTest",""
"","600","ConnectionLimitRefusesSurplusClientsOnly","","Sun Oct 04 14:37:25 UTC 2026","passed","Sun Oct 04 14:37:26 UTC 2026","","TcpTransportTest","TcpTransportTest",""
"","0","ProfileRegistry_UnknownProfile","","Sun Oct 04 14:37:35 UTC 2026","passed","Sun Oct 04 14:37:35 UTC 2026","","E2ETest","E2ETest",""
"","0","DeserializationErrorHandling","","Sun Oct 04 14:37:11 UTC 2026","passed","Sun Oct 04 14:37:11 UTC 2026","","SerializationTest","SerializationTest",""
"","500","SubscribeNonExistentService","","Sun Oct 04 14:37:11 UTC 2026","passed","Sun Oct 04 14:37:12 UTC 2026","","SdTest","SdTest",""
"","0","ExhaustTier2","","Sun Oct 04 14:34:11 UTC 2026","passed","Sun Oct 04 14:34:11 UTC 2026","","BufferPoolTest","BufferPoolTest",""
"","0","ConstructorWithIds","","Sun Oct 04 14:37:11 UTC 2026","passed","Sun Oct 04 14:37:11 UTC 2026","","MessageTest","MessageTest",""
"","0","NullHandleReturnsError","","Sun Oct 04 14:37:10 UTC 2026","passed","Sun Oct 04 14:37:10 UTC 2026","","CapiE2E","CapiE2E",""
"","1","test_freshness_timeout","","Sun Oct 04 14:34:18 UTC 2026","passed","Sun Oct 04 14:34:18 UTC 2026","","pytest","integration.test_e2e_integration.E2EIntegrationTest",""
"","0","CRC_SubRange","","Sun Oct 04 14:37:35 UTC 2026","passed","Sun Oct 04 14:37:35 UTC 2026","","E2ETest","E2ETest",""
"","0","IPv6Valid_Loopback","","Sun Oct 04 14:37:11 UTC 2026","passed","Sun Oct 04 14:37:11 UTC 2026","","EndpointTest","EndpointTest",""
"","0","NotificationTypes","","Sun Oct 04 14:37:18 UTC 2026","passed","Sun Oct 04 14:37:18 UTC 2026","","EventsTest","EventsTest",""
"","0","ProtectValidate_CRCType2","","Sun Oct 04 14:37:35 UTC 2026","passed","Sun Oct 04 14:37:35 UTC 2026","","E2ETest","E2ETest",""
"","0","RuntimeVersionMatchesMacros","","Sun Oct 04 14:37:10 UTC 2026","passed","Sun Oct 04 14:37:10 UTC 2026","","CapiVersion","CapiVersion",""
"","0","ParseIncompleteHeaderStaysInBuffer","","Sun Oct 04 14:37:25 UTC 2026","passed","Sun Oct 04 14:37:25 UTC 2026","","TcpTransportTest","TcpTransportTest",""
"","0","CreateAndDestroy","","Sun Oct 04 14:37:10 UTC 2026","passed","Sun Oct 04 14:37:10 UTC 2026","","CapiE2E","CapiE2E",""
"","0","ParameterizedConstructor","","Sun Oct 04 14:37:11 UTC 2026","passed","Sun Oct 04 14:37:11 UTC 2026","","EndpointTest","EndpointTest",""
"","0","IPv4EndpointOptionSpecCompliantRoundTrip","","Sun Oct 04 14:37:11 UTC 2026","passed","Sun Oct 04 14:37:11 UTC 2026","","SdTest","SdTest",""
"","54","EventDrivenUdpTransportTest","","Sun Oct 04 14:37:09 UTC 2026","passed","Sun Oct 04 14:37:09 UTC 2026","","(empty)","EventDrivenUdpTransportTest",""
"","0","StopOfferZeroTtl","","Sun Oct 04 14:37:11 UTC 2026","passed","Sun Oct 04 14:37:11 UTC 2026","","SdTest","SdTest",""
"","0","HeaderMatchesPayloadAfterCompletion","","Sun Oct 04 14:37:35 UTC 2026","passed","Sun Oct 04 14:37:35 UTC 2026","","TpTest","TpTest",""
"","0","ClientInitializeAndShutdown","","Sun Oct 04 14:37:12 UTC 2026","passed","Sun Oct 04 14:37:12 UTC 2026","","SdIntegrationTest","SdIntegrationTest",""
"","0","ServiceEntryDeserializeTruncated","","Sun Oct 04 14:37:11 UTC 2026","passed","Sun Oct 04 14:37:11 UTC 2026","","SdTest","SdTest",""
"","","e2e_crc_type1_roundtrip","","","passed","","","test_core","test_core",""
"","0","IPv4_MCDC_D4_MultiDigitNoLeadingZero","","Sun Oct 04 14:37:11 UTC 2026","passed","Sun Oct 04 14:37:11 UTC 2026","","EndpointTest","EndpointTest",""
"","0","PreserveMessageTypeWithTpFlag","","Sun Oct 04 14:37:35 UTC 2026","passed","Sun Oct 04 14:37:35 UTC 2026","","TpTest","TpTest",""
"","0","JoinableStatus","","Sun Oct 04 14:37:10 UTC 2026","passed","Sun Oct 04 14:37:10 UTC 2026","","ThreadConformance","ThreadConformance",""
"","6546","SdTest","","Sun Oct 04 14:37:09 UTC 2026","passed","Sun Oct 04 14:37:15 UTC 2026","","(empty)","SdTest",""
"","0","PayloadSetGetRoundTrip","","Sun Oct 04 14:37:10 UTC 2026","passed","Sun Oct 04 14:37:10 UTC 2026","","CapiMessage","CapiMessage",""
"","0","SerializeDeserializeArray","","Sun Oct 04 14:37:11 UTC 2026","passed","Sun Oct 04 14:37:11 UTC 2026","","SerializationTest","SerializationTest",""
"","0","ReleaseOnDestruction","","Sun Oct 04 14:37:10 UTC 2026","passed","Sun Oct 04 14:37:10 UTC 2026","","ScopedLockConformance","ScopedLockConformance",""
"","0","ServerMulticastRejoinCanBeDisabled","","Sun Oct 04 14:37:11 UTC 2026","passed","Sun Oct 04 14:37:11 UTC 2026","","SdTest","SdTest",""
"","0","AllocFailureConsumesFrameAndNotifiesOom","","Sun Oct 04 14:37:35 UTC 2026","passed","Sun Oct 04 14:37:35 UTC 2026","","EventDrivenTcpTransport","EventDrivenTcpTransport",""
"","0","PoolStateAfterFullCycle","","Sun Oct 04 14:34:11 UTC 2026","passed","Sun Oct 04 14:34:11 UTC 2026","","BufferPoolTest","BufferPoolTest",""
"","0","ReceiveCallbackNotifiesListener","","Sun Oct 04 14:37:35 UTC 2026","passed","Sun Oct 04 14:37:35 UTC 2026","","EventDrivenUdpTransport","EventDrivenUdpTransport",""
"","0","SdClientConstructDestroyUnderTrap","","Sun Oct 04 14:34:11 UTC 2026","passed","Sun Oct 04 14:34:11 UTC 2026","","StaticAllocIntegrationTest","StaticAllocIntegrationTest",""
"","","e2e_zero_roundtrip","","","passed","","","test_core","test_core",""
"","0","NetworkIsBigEndian","","Sun Oct 04 14:37:11 UTC 2026","passed","Sun Oct 04 14:37:11 UTC 2026","","ByteOrderTest","ByteOrderTest",""
"","0","IPv6_MCDC_D7_TooManyGroupsNoCompression","","Sun Oct 04 14:37:11 UTC 2026","passed","Sun Oct 04 14:37:11 UTC 2026","","EndpointTest","EndpointTest",""
"","","crc_dispatch_type2","","","passed","","","test_core","test_core",""
"","0","DefaultConstructEmpty","","Sun Oct 04 14:34:11 UTC 2026","passed","Sun Oct 04 14:34:11 UTC 2026","","ByteBufferTest","ByteBufferTest",""
"@tests feat_req_someip_761, REQ_MSG_056, REQ_MSG_060_TP_RESPONSE","0","test_tp_flag_is_bit_0x20_including_response_and_error","integration","Sun Oct 04 14:34:34 UTC 2026","passed","Sun Oct 04 14:34:34 UTC 2026","","test_tp_udp_integration","",""
"","0","IPv6_MCDC_D5_TripleColon","","Sun Oct 04 14:37:11 UTC 2026","passed","Sun Oct 04 14:37:11 UTC 2026","","EndpointTest","EndpointTest",""
"","0","AcquireMediumBuffer","","Sun Oct 04 14:34:11 UTC 2026","passed","Sun Oct 04 14:34:11 UTC 2026","","BufferPoolTest","BufferPoolTest",""
"","0","MessagePoolAllocReleaseUnderTrap","","Sun Oct 04 14:34:11 UTC 2026","passed","Sun Oct 04 14:34:11 UTC 2026","","StaticAllocIntegrationTest","StaticAllocIntegrationTest",""
"","0","NonBlockingInvalidFd","","Sun Oct 04 14:37:11 UTC 2026","passed","Sun Oct 04 14:37:11 UTC 2026","","NetTest","NetTest",""
"","0","NeedsSegmentationUsesPayloadSize","","Sun Oct 04 14:37:35 UTC 2026","passed","Sun Oct 04 14:37:35 UTC 2026","","TpTest","TpTest",""
"","0","ProtectMessage","","Sun Oct 04 14:37:35 UTC 2026","passed","Sun Oct 04 14:37:35 UTC 2026","","E2ETest","E2ETest",""
"","0","InterfaceVersionZeroWarning","","Sun Oct 04 14:37:11 UTC 2026","passed","Sun Oct 04 14:37:11 UTC 2026","","MessageTest","MessageTest",""
"","0","MoveAssign","","Sun Oct 04 14:34:11 UTC 2026","passed","Sun Oct 04 14:34:11 UTC 2026","","ByteBufferTest","ByteBufferTest",""
"","101","StopSubscribeEventgroupTTLZero","","Sun Oct 04 14:37:12 UTC 2026","passed","Sun Oct 04 14:37:12 UTC 2026","","SdIntegrationTest","SdIntegrationTest",""
"","0","RegisterRejectsNullHandler","","Sun Oct 04 14:37:10 UTC 2026","passed","Sun Oct 04 14:37:10 UTC 2026","","CapiRpcServer","CapiRpcServer",""
"","0","StartStopLifecycle","","Sun Oct 04 14:37:35 UTC 2026","passed","Sun Oct 04 14:37:35 UTC 2026","","EventDrivenUdpTransport","EventDrivenUdpTransport",""
"","0","SubscriptionMaxTtl","","Sun Oct 04 14:37:11 UTC 2026","passed","Sun Oct 04 14:37:11 UTC 2026","","SdTest","SdTest",""
"
        Verify that session ID wrapping at 0xFFFF produces 0x0001 (not 0x0000)
        following SOME/IP-SD session counter semantics.

        @test_case TC_E2E_INT_003
        @tests REQ_E2E_PLUGIN_004
        ","0","test_counter_rollover","integration","Sun Oct 04 14:34:18 UTC 2026","passed","Sun Oct 04 14:34:18 UTC 2026","E2EIntegrationTest","test_e2e_integration","",""
"","0","VerifyBigEndianNegativeInt16","","Sun Oct 04 14:37:11 UTC 2026","passed","Sun Oct 04 14:37:11 UTC 2026","","SerializationTest","SerializationTest",""
"","0","IPv4_SingleZeroOctet","","Sun Oct 04 14:37:11 UTC 2026","passed","Sun Oct 04 14:37:11 UTC 2026","","EndpointTest","EndpointTest",""
"","0","BindToUsedPort","","Sun Oct 04 14:37:34 UTC 2026","passed","Sun Oct 04 14:37:34 UTC 2026","","UdpTransportTest","UdpTransportTest",""
"","1","InterfaceVersionTwoRoundTrip","","Sun Oct 04 14:37:11 UTC 2026","passed","Sun Oct 04 14:37:11 UTC 2026","","RpcTest","RpcTest",""
"","0","CopyAssign","","Sun Oct 04 14:34:11 UTC 2026","passed","Sun Oct 04 14:34:11 UTC 2026","","ByteBufferTest","ByteBufferTest",""
"","411","PeriodicFieldPublishKeepsCachedValue","","Sun Oct 04 14:37:18 UTC 2026","passed","Sun Oct 04 14:37:18 UTC 2026","","EventsTest","EventsTest",""
"","0","ConcatenatedBurstDeliversAllInOrder","","Sun Oct 04 14:37:35 UTC 2026","passed","Sun Oct 04 14:37:35 UTC 2026","","EventDrivenTcpTransport","EventDrivenTcpTransport",""
"","0","IPv6_CompressionAtStart","","Sun Oct 04 14:37:11 UTC 2026","passed","Sun Oct 04 14:37:11 UTC 2026","","EndpointTest","EndpointTest",""
"","0","FunctionInvoke","","Sun Oct 04 14:34:11 UTC 2026","passed","Sun Oct 04 14:34:11 UTC 2026","","ContainerTest","ContainerTest",""
"","0","RunAndJoin","","Sun Oct 04 14:37:11 UTC 2026","passed","Sun Oct 04 14:37:11 UTC 2026","","ThreadTest","ThreadTest",""
"","0","FindServiceRejectsNullCallback","","Sun Oct 04 14:37:10 UTC 2026","passed","Sun Oct 04 14:37:10 UTC 2026","","CapiSdClient","CapiSdClient",""
"","0","WireIngestLastArrivesFirst","","Sun Oct 04 14:37:35 UTC 2026","passed","Sun Oct 04 14:37:35 UTC 2026","","TpTest","TpTest",""
"","0","MessageSerializationWithE2E","","Sun Oct 04 14:37:35 UTC 2026","passed","Sun Oct 04 14:37:35 UTC 2026","","E2ETest","E2ETest",""
"","","tp_invalid_xfer_manager_init","","","passed","","","test_core","test_core",""
"","0","CreateAndDestroy","","Sun Oct 04 14:37:10 UTC 2026","passed","Sun Oct 04 14:37:10 UTC 2026","","CapiEventPublisher","CapiEventPublisher",""
"","21","TransportLifecycle","","Sun Oct 04 14:37:25 UTC 2026","passed","Sun Oct 04 14:37:25 UTC 2026","","TcpTransportTest","TcpTransportTest",""
"","0","TryLockNonBlocking","","Sun Oct 04 14:37:10 UTC 2026","passed","Sun Oct 04 14:37:10 UTC 2026","","MutexConformance","MutexConformance",""
"","0","MisalignedNonFinalSegmentRejected","","Sun Oct 04 14:37:35 UTC 2026","passed","Sun Oct 04 14:37:35 UTC 2026","","TpTest","TpTest",""
"","0","SubscriptionWithTTLStored","","Sun Oct 04 14:37:19 UTC 2026","passed","Sun Oct 04 14:37:19 UTC 2026","","EventsSubscriptionTTLTest","EventsSubscriptionTTLTest",""
"","0","StopFromListenerDoesNotDeadlock","","Sun Oct 04 14:37:35 UTC 2026","passed","Sun Oct 04 14:37:35 UTC 2026","","EventDrivenTcpTransport","EventDrivenTcpTransport",""
"","0","NotifyAllWakesAllWaiters","","Sun Oct 04 14:37:11 UTC 2026","passed","Sun Oct 04 14:37:11 UTC 2026","","ConditionVariableTest","ConditionVariableTest",""
"","2519","test_echo_concurrent_clients","","Sun Oct 04 14:34:18 UTC 2026","passed","Sun Oct 04 14:34:20 UTC 2026","","pytest","integration.test_echo_integration",""
"","","invalid_ipv4","","","passed","","","test_core","test_core",""
"","","e2e_max_data_id","","","passed","","","test_core","test_core",""
"","0","TimeUntilRetryTracksDeadline","","Sun Oct 04 14:37:35 UTC 2026","passed","Sun Oct 04 14:37:35 UTC 2026","","MulticastMembershipTest","MulticastMembershipTest",""
"","50","TimingBounds","","Sun Oct 04 14:37:11 UTC 2026","passed","Sun Oct 04 14:37:11 UTC 2026","","SleepForTest","SleepForTest",""
"","0","SdSessionRebootClearsOnWrap","","Sun Oct 04 14:37:11 UTC 2026","passed","Sun Oct 04 14:37:11 UTC 2026","","SdTest","SdTest",""
"","0","ExtractHeader_NoHeader","","Sun Oct 04 14:37:35 UTC 2026","passed","Sun Oct 04 14:37:35 UTC 2026","","E2ETest","E2ETest",""
"","0","ConcurrentAcquireRelease","","Sun Oct 04 14:34:11 UTC 2026","passed","Sun Oct 04 14:34:11 UTC 2026","","BufferPoolTest","BufferPoolTest",""
"","60","ClientProcessesSubscribeAck","","Sun Oct 04 14:37:12 UTC 2026","passed","Sun Oct 04 14:37:12 UTC 2026","","SdIntegrationTest","SdIntegrationTest",""
"","3","CapiSerializerTest","","Sun Oct 04 14:37:09 UTC 2026","passed","Sun Oct 04 14:37:09 UTC 2026","","(empty)","CapiSerializerTest",""
"","","tp_alignment_segment_ok","","","passed","","","test_core","test_core",""
"","0","EventNotificationData","","Sun Oct 04 14:37:18 UTC 2026","passed","Sun Oct 04 14:37:18 UTC 2026","","EventsTest","EventsTest",""
"","","default_no_ttl_is_infinite","","","passed","","","test_events","test_events",""
"","4","CapiRpcTest","","Sun Oct 04 14:37:09 UTC 2026","passed","Sun Oct 04 14:37:09 UTC 2026","","(empty)","CapiRpcTest",""
"","0","RpcServerRegisterHandler","","Sun Oct 04 14:37:11 UTC 2026","passed","Sun Oct 04 14:37:11 UTC 2026","","CapiIntegration","CapiIntegration",""
"","0","DeserializeInvalidLength","","Sun Oct 04 14:37:11 UTC 2026","passed","Sun Oct 04 14:37:11 UTC 2026","","SdTest","SdTest",""
"","0","ReleaseAndReuse","","Sun Oct 04 14:34:11 UTC 2026","passed","Sun Oct 04 14:34:11 UTC 2026","","BufferPoolTest","BufferPoolTest",""
"","0","ZeroDuration","","Sun Oct 04 14:37:10 UTC 2026","passed","Sun Oct 04 14:37:10 UTC 2026","","SleepForConformance","SleepForConformance",""
"","","receive_message","","","passed","","","test_transport","test_transport",""
"","0","NotificationNonZeroReturnCode","","Sun Oct 04 14:37:11 UTC 2026","passed","Sun Oct 04 14:37:11 UTC 2026","","MessageTest","MessageTest",""
"","0","CreateRunsCallable","","Sun Oct 04 14:37:10 UTC 2026","passed","Sun Oct 04 14:37:10 UTC 2026","","ThreadConformance","ThreadConformance",""
"","150","DestructorWithoutJoinSafe","","Sun Oct 04 14:37:10 UTC 2026","passed","Sun Oct 04 14:37:10 UTC 2026","","ThreadConformance","ThreadConformance",""
"","0","BasicThreadSafety","","Sun Oct 04 14:37:34 UTC 2026","passed","Sun Oct 04 14:37:34 UTC 2026","","UdpTransportTest","UdpTransportTest",""
"","0","DefaultConstructor","","Sun Oct 04 14:37:11 UTC 2026","passed","Sun Oct 04 14:37:11 UTC 2026","","EndpointTest","EndpointTest",""
"","0","DeserializeStringMissingBomRejected","","Sun Oct 04 14:37:11 UTC 2026","passed","Sun Oct 04 14:37:11 UTC 2026","","SerializationTest","SerializationTest",""
"","","tp_small_no_segmentation","","","passed","","","test_core","test_core",""
"","2202","DisconnectingStalledPeerDoesNotHang","","Sun Oct 04 14:37:25 UTC 2026","passed","Sun Oct 04 14:37:27 UTC 2026","","TcpTransportTest","TcpTransportTest",""
"","5","E2ETest","","Sun Oct 04 14:37:09 UTC 2026","passed","Sun Oct 04 14:37:09 UTC 2026","","(empty)","E2ETest",""
"","0","SuccessfulJoinReportsJoined","","Sun Oct 04 14:37:35 UTC 2026","passed","Sun Oct 04 14:37:35 UTC 2026","","MulticastMembershipTest","MulticastMembershipTest",""
"","0","ExhaustAndRecover","","Sun Oct 04 14:34:11 UTC 2026","passed","Sun Oct 04 14:34:11 UTC 2026","","MessagePoolTest","MessagePoolTest",""
"","","is_ipv6","","","passed","","","test_core","test_core",""
"","100","ZeroConnectionTimeout","","Sun Oct 04 14:37:25 UTC 2026","passed","Sun Oct 04 14:37:25 UTC 2026","","TcpTransportTest","TcpTransportTest",""
"","0","OfferRejectsOrAppliesDefaultTtl","","Sun Oct 04 14:37:11 UTC 2026","passed","Sun Oct 04 14:37:11 UTC 2026","","SdTest","SdTest",""
"","0","IPv4_MCDC_D2_ValidDigitLen","","Sun Oct 04 14:37:11 UTC 2026","passed","Sun Oct 04 14:37:11 UTC 2026","","EndpointTest","EndpointTest",""
"","","tp_reassembly_complete","","","passed","","","test_core","test_core",""
"","20","PredicateExceptionPreservesMutexOwnership","","Sun Oct 04 14:37:11 UTC 2026","passed","Sun Oct 04 14:37:11 UTC 2026","","ConditionVariableTest","ConditionVariableTest",""
"","","tp_reassembly_manager_init","","","passed","","","test_core","test_core",""
"","0","VectorOverflowInvokesHandler","","Sun Oct 04 14:34:11 UTC 2026","passed","Sun Oct 04 14:34:11 UTC 2026","","EtlErrorHandlerTest","EtlErrorHandlerTest",""
"","0","TransferStatusUnknown","","Sun Oct 04 14:37:35 UTC 2026","passed","Sun Oct 04 14:37:35 UTC 2026","","TpTest","TpTest",""
"","","e2e_profile_id_zero","","","passed","","","test_core","test_core",""
"","500","MultipleMessagesRapidFire","","Sun Oct 04 14:37:34 UTC 2026","passed","Sun Oct 04 14:37:34 UTC 2026","","UdpTransportTest","UdpTransportTest",""
"","0","DefaultOffsetPlacesHeaderAfterReturnCode","","Sun Oct 04 14:37:35 UTC 2026","passed","Sun Oct 04 14:37:35 UTC 2026","","E2ETest","E2ETest",""
"","0","ConfigurationValidation","","Sun Oct 04 14:37:34 UTC 2026","passed","Sun Oct 04 14:37:34 UTC 2026","","UdpTransportTest","UdpTransportTest",""
"","0","MulticastBeforeStart","","Sun Oct 04 14:37:34 UTC 2026","passed","Sun Oct 04 14:37:34 UTC 2026","","UdpTransportTest","UdpTransportTest",""
"","0","ServerModeEnableAndAccept","","Sun Oct 04 14:37:35 UTC 2026","passed","Sun Oct 04 14:37:35 UTC 2026","","EventDrivenTcpTransport","EventDrivenTcpTransport",""
"","0","CRC16_SingleByte","","Sun Oct 04 14:37:35 UTC 2026","passed","Sun Oct 04 14:37:35 UTC 2026","","E2ETest","E2ETest",""
"","","crc_unknown_type_nullopt","","","passed","","","test_core","test_core",""
"","0","NeedsSegmentationSmallPayload","","Sun Oct 04 14:37:10 UTC 2026","passed","Sun Oct 04 14:37:10 UTC 2026","","CapiTp","CapiTp",""
"","","crc16_nonzero","","","passed","","","test_core","test_core",""
"","","tp_middle_segments_consecutive","","","passed","","","test_core","test_core",""
"","0","SendRejectsNullArgs","","Sun Oct 04 14:37:10 UTC 2026","passed","Sun Oct 04 14:37:10 UTC 2026","","CapiUdpTransport","CapiUdpTransport",""
"","510","ServerMulticastRejoinIsBoundedAndReportsExhaustion","","Sun Oct 04 14:37:11 UTC 2026","passed","Sun Oct 04 14:37:12 UTC 2026","","SdTest","SdTest",""
"","0","SmallMessageNotTpFlagged","","Sun Oct 04 14:37:34 UTC 2026","passed","Sun Oct 04 14:37:34 UTC 2026","","UdpTransportTest","UdpTransportTest",""
"","0","IPv6MulticastOptionRoundTrip","","Sun Oct 04 14:37:11 UTC 2026","passed","Sun Oct 04 14:37:11 UTC 2026","","SdTest","SdTest",""
"","","e2e_protect_success","","","passed","","","test_core","test_core",""
"","600","OfferDoesNotUseTtlZero","","Sun Oct 04 14:37:12 UTC 2026","passed","Sun Oct 04 14:37:13 UTC 2026","","SdIntegrationTest","SdIntegrationTest",""
"","","method_id","","","passed","","","test_core","test_core",""
"","1","test_e2e_protection_flow","","Sun Oct 04 14:34:18 UTC 2026","passed","Sun Oct 04 14:34:18 UTC 2026","","pytest","integration.test_e2e_integration.E2EIntegrationTest",""
"","0","ProcessSegmentReturnsHeader","","Sun Oct 04 14:37:35 UTC 2026","passed","Sun Oct 04 14:37:35 UTC 2026","","TpTest","TpTest",""
"","0","StringLengthExceedsBuffer","","Sun Oct 04 14:37:11 UTC 2026","passed","Sun Oct 04 14:37:11 UTC 2026","","SerializationTest","SerializationTest",""
"","0","TruncatedEntriesArray","","Sun Oct 04 14:37:11 UTC 2026","passed","Sun Oct 04 14:37:11 UTC 2026","","SdTest","SdTest",""
"","0","RaiiLockUnlock","","Sun Oct 04 14:37:11 UTC 2026","passed","Sun Oct 04 14:37:11 UTC 2026","","ScopedLockTest","ScopedLockTest",""
"","0","HeaderIsValid","","Sun Oct 04 14:37:35 UTC 2026","passed","Sun Oct 04 14:37:35 UTC 2026","","E2ETest","E2ETest",""
"","1","test_tp_response_wire_type_is_0xa0","","Sun Oct 04 14:34:18 UTC 2026","passed","Sun Oct 04 14:34:18 UTC 2026","","pytest","integration.test_tp_udp_integration",""
"","443","test_pal_static_alloc_mock","","Sun Oct 04 14:34:09 UTC 2026","passed","Sun Oct 04 14:34:09 UTC 2026","","(empty)","test_pal_static_alloc_mock",""
"","0","IPv6_CompressionAtEnd","","Sun Oct 04 14:37:11 UTC 2026","passed","Sun Oct 04 14:37:11 UTC 2026","","EndpointTest","EndpointTest",""
"","0","MagicCookieServerFormat","","Sun Oct 04 14:37:25 UTC 2026","passed","Sun Oct 04 14:37:25 UTC 2026","","TcpTransportTest","TcpTransportTest",""
"","0","ProtectAndValidateRejectNonDefaultOffset","","Sun Oct 04 14:37:35 UTC 2026","passed","Sun Oct 04 14:37:35 UTC 2026","","E2ETest","E2ETest",""
"","0","IPv4_MCDC_D1_EmptyAddress","","Sun Oct 04 14:37:11 UTC 2026","passed","Sun Oct 04 14:37:11 UTC 2026","","EndpointTest","EndpointTest",""
"","0","E2eBelowThresholdPassesSingleMessage","","Sun Oct 04 14:37:35 UTC 2026","passed","Sun Oct 04 14:37:35 UTC 2026","","TpTest","TpTest",""
"","60","ClientProcessesSubscribeNack","","Sun Oct 04 14:37:12 UTC 2026","passed","Sun Oct 04 14:37:12 UTC 2026","","SdIntegrationTest","SdIntegrationTest",""
"","0","MagicCookieConfigControls","","Sun Oct 04 14:37:25 UTC 2026","passed","Sun Oct 04 14:37:25 UTC 2026","","TcpTransportTest","TcpTransportTest",""
"","0","DeserializerPositionTracking","","Sun Oct 04 14:37:11 UTC 2026","passed","Sun Oct 04 14:37:11 UTC 2026","","SerializationTest","SerializationTest",""
"","0","SerializationRoundTrip","","Sun Oct 04 14:37:11 UTC 2026","passed","Sun Oct 04 14:37:11 UTC 2026","","MessageTest","MessageTest",""
"","3","CapiMessageTest","","Sun Oct 04 14:37:09 UTC 2026","passed","Sun Oct 04 14:37:09 UTC 2026","","(empty)","CapiMessageTest",""
"","0","MessageIdValidation","","Sun Oct 04 14:37:11 UTC 2026","passed","Sun Oct 04 14:37:11 UTC 2026","","MessageTest","MessageTest",""
"","0","OptionTypes","","Sun Oct 04 14:37:11 UTC 2026","passed","Sun Oct 04 14:37:11 UTC 2026","","SdTest","SdTest",""
"","0","PayloadSizeExceedsMaximum","","Sun Oct 04 14:37:11 UTC 2026","passed","Sun Oct 04 14:37:11 UTC 2026","","MessageTest","MessageTest",""
"","0","DeserializerSkip","","Sun Oct 04 14:37:11 UTC 2026","passed","Sun Oct 04 14:37:11 UTC 2026","","SerializationTest","SerializationTest",""
"","0","UnicastSessionIdsIsolatedPerPeer","","Sun Oct 04 14:37:11 UTC 2026","passed","Sun Oct 04 14:37:11 UTC 2026","","SdTest","SdTest",""
"","0","SettersAndGetters","","Sun Oct 04 14:37:11 UTC 2026","passed","Sun Oct 04 14:37:11 UTC 2026","","MessageTest","MessageTest",""
"","","boundary_max_u16","","","passed","","","test_core","test_core",""
"","","tp_reassembly_has_segments","","","passed","","","test_core","test_core",""
"","0","EventGroupEntryCounterRoundTrip","","Sun Oct 04 14:37:11 UTC 2026","passed","Sun Oct 04 14:37:11 UTC 2026","","SdTest","SdTest",""
"Test multiple concurrent protected messages","11","test_concurrent_protected_messages","system","Sun Oct 04 14:34:34 UTC 2026","passed","Sun Oct 04 14:34:34 UTC 2026","E2ESystemTest","test_e2e_system","",""
"","0","ConfigurationOptionLengthIncludesReserved","","Sun Oct 04 14:37:11 UTC 2026","passed","Sun Oct 04 14:37:11 UTC 2026","","SdTest","SdTest",""
"","20","JoinIdempotent","","Sun Oct 04 14:37:10 UTC 2026","passed","Sun Oct 04 14:37:10 UTC 2026","","ThreadConformance","ThreadConformance",""
"","","sequential_ids","","","passed","","","test_core","test_core",""
"","0","EventResultCodes","","Sun Oct 04 14:37:18 UTC 2026","passed","Sun Oct 04 14:37:18 UTC 2026","","EventsTest","EventsTest",""
"","0","ConstructionNotRunning","","Sun Oct 04 14:37:35 UTC 2026","passed","Sun Oct 04 14:37:35 UTC 2026","","EventDrivenUdpTransport","EventDrivenUdpTransport",""
"","0","MessageLifecycle","","Sun Oct 04 14:34:11 UTC 2026","passed","Sun Oct 04 14:34:11 UTC 2026","","IntrusivePtrTest","IntrusivePtrTest",""
"","","tp_alignment_multi","","","passed","","","test_core","test_core",""
"","0","ProtectValidate_CRCType0","","Sun Oct 04 14:37:35 UTC 2026","passed","Sun Oct 04 14:37:35 UTC 2026","","E2ETest","E2ETest",""
"","0","InitializeAndStart","","Sun Oct 04 14:37:35 UTC 2026","passed","Sun Oct 04 14:37:35 UTC 2026","","EventDrivenTcpTransport","EventDrivenTcpTransport",""
"","0","ServiceIdValidation","","Sun Oct 04 14:37:11 UTC 2026","passed","Sun Oct 04 14:37:11 UTC 2026","","MessageTest","MessageTest",""
"","50","StopClearsReceiveCallback","","Sun Oct 04 14:37:35 UTC 2026","passed","Sun Oct 04 14:37:35 UTC 2026","","EventDrivenUdpTransport","EventDrivenUdpTransport",""
"","","tp_multi_manager_init","","","passed","","","test_core","test_core",""
"","0","CopyConstructor","","Sun Oct 04 14:37:11 UTC 2026","passed","Sun Oct 04 14:37:11 UTC 2026","","EndpointTest","EndpointTest",""
"","0","DefaultConfigProduces1392BytePayloads","","Sun Oct 04 14:37:35 UTC 2026","passed","Sun Oct 04 14:37:35 UTC 2026","","TpTest","TpTest",""
"","0","LockUnlockTryLock","","Sun Oct 04 14:37:11 UTC 2026","passed","Sun Oct 04 14:37:11 UTC 2026","","MutexTest","MutexTest",""
"","","stop_subscribe_ttl_zero_removes","","","passed","","","test_events","test_events",""
"","0","MapFullCheckPreventsOverflow","","Sun Oct 04 14:34:11 UTC 2026","passed","Sun Oct 04 14:34:11 UTC 2026","","EtlErrorHandlerTest","EtlErrorHandlerTest",""
"","0","SegmentAlignment","","Sun Oct 04 14:37:35 UTC 2026","passed","Sun Oct 04 14:37:35 UTC 2026","","TpTest","TpTest",""
"","0","IndependentAllocations","","Sun Oct 04 14:34:11 UTC 2026","passed","Sun Oct 04 14:34:11 UTC 2026","","MessagePoolTest","MessagePoolTest",""
"","0","ClientBasicFunctionality","","Sun Oct 04 14:37:11 UTC 2026","passed","Sun Oct 04 14:37:11 UTC 2026","","RpcTest","RpcTest",""
"","0","Multicast_ValidRange","","Sun Oct 04 14:37:11 UTC 2026","passed","Sun Oct 04 14:37:11 UTC 2026","","EndpointTest","EndpointTest",""
"","0","StringRepresentation","","Sun Oct 04 14:37:11 UTC 2026","passed","Sun Oct 04 14:37:11 UTC 2026","","MessageTest","MessageTest",""
"","0","MessageSerialization","","Sun Oct 04 14:37:25 UTC 2026","passed","Sun Oct 04 14:37:25 UTC 2026","","TcpTransportTest","TcpTransportTest",""
"","2","test_network_level_validation","","Sun Oct 04 14:34:18 UTC 2026","passed","Sun Oct 04 14:34:18 UTC 2026","","pytest","system.test_e2e_system.E2ESystemTest",""
"","","string_roundtrip","","","passed","","","test_core","test_core",""
"","0","ServerModeWithoutInitializeFails","","Sun Oct 04 14:37:35 UTC 2026","passed","Sun Oct 04 14:37:35 UTC 2026","","EventDrivenTcpTransport","EventDrivenTcpTransport",""
"","0","SdResults","","Sun Oct 04 14:37:11 UTC 2026","passed","Sun Oct 04 14:37:11 UTC 2026","","SdTest","SdTest",""
"","0","SerializeDeserializeInt64","","Sun Oct 04 14:37:11 UTC 2026","passed","Sun Oct 04 14:37:11 UTC 2026","","SerializationTest","SerializationTest",""
"","8886","TcpTransportTest","","Sun Oct 04 14:37:09 UTC 2026","passed","Sun Oct 04 14:37:17 UTC 2026","","(empty)","TcpTransportTest",""
"","0","SerializeDeserializeRoundTrip","","Sun Oct 04 14:37:10 UTC 2026","passed","Sun Oct 04 14:37:10 UTC 2026","","CapiMessage","CapiMessage",""
"","0","NullHandleReturnsError","","Sun Oct 04 14:37:10 UTC 2026","passed","Sun Oct 04 14:37:10 UTC 2026","","CapiSdClient","CapiSdClient",""
"","","not_multicast","","","passed","","","test_core","test_core",""
"","150","TimeoutHandling","","Sun Oct 04 14:37:35 UTC 2026","passed","Sun Oct 04 14:37:35 UTC 2026","","TpTest","TpTest",""
"","0","ManagerCallbackRegistration","","Sun Oct 04 14:37:35 UTC 2026","passed","Sun Oct 04 14:37:35 UTC 2026","","TpTest","TpTest",""
"","0","LessThanOperator_PortOrdering","","Sun Oct 04 14:37:11 UTC 2026","passed","Sun Oct 04 14:37:11 UTC 2026","","EndpointTest","EndpointTest",""
"","0","SerializeDeserializeBool","","Sun Oct 04 14:37:11 UTC 2026","passed","Sun Oct 04 14:37:11 UTC 2026","","SerializationTest","SerializationTest",""
"","0","StringWireFormatWithBomAndNul","","Sun Oct 04 14:37:11 UTC 2026","passed","Sun Oct 04 14:37:11 UTC 2026","","SerializationTest","SerializationTest",""
"","0","ExhaustTier1","","Sun Oct 04 14:34:11 UTC 2026","passed","Sun Oct 04 14:34:11 UTC 2026","","BufferPoolTest","BufferPoolTest",""
"","0","ParseCompleteMessagePlusIncompleteTail","","Sun Oct 04 14:37:25 UTC 2026","passed","Sun Oct 04 14:37:25 UTC 2026","","TcpTransportTest","TcpTransportTest",""
"","","crc16_empty_init_value","","","passed","","","test_core","test_core",""
"","20","ClientSubscribeUnsubscribeService","","Sun Oct 04 14:37:12 UTC 2026","passed","Sun Oct 04 14:37:12 UTC 2026","","SdIntegrationTest","SdIntegrationTest",""
"","0","ExhaustPool","","Sun Oct 04 14:34:11 UTC 2026","passed","Sun Oct 04 14:34:11 UTC 2026","","MessagePoolTest","MessagePoolTest",""
"","0","IPv4EndpointInvalidAddress","","Sun Oct 04 14:37:11 UTC 2026","passed","Sun Oct 04 14:37:11 UTC 2026","","SdTest","SdTest",""
"","0","SerializeDeserializeUint64","","Sun Oct 04 14:37:11 UTC 2026","passed","Sun Oct 04 14:37:11 UTC 2026","","SerializationTest","SerializationTest",""
"","0","MulticastOption","","Sun Oct 04 14:37:11 UTC 2026","passed","Sun Oct 04 14:37:11 UTC 2026","","SdTest","SdTest",""
"","0","RequestIdValidation","","Sun Oct 04 14:37:11 UTC 2026","passed","Sun Oct 04 14:37:11 UTC 2026","","MessageTest","MessageTest",""
"","0","IPv6_Regression_TrailingColonNotPartOfCompression","","Sun Oct 04 14:37:11 UTC 2026","passed","Sun Oct 04 14:37:11 UTC 2026","","EndpointTest","EndpointTest",""
"","0","InequalityOperator","","Sun Oct 04 14:37:11 UTC 2026","passed","Sun Oct 04 14:37:11 UTC 2026","","EndpointTest","EndpointTest",""
"","0","DoubleInitializeFails","","Sun Oct 04 14:37:35 UTC 2026","passed","Sun Oct 04 14:37:35 UTC 2026","","EventDrivenTcpTransport","EventDrivenTcpTransport",""
"","","serialized_size","","","passed","","","test_core","test_core",""
"","0","HandlerIsRegistered","","Sun Oct 04 14:34:11 UTC 2026","passed","Sun Oct 04 14:34:11 UTC 2026","","EtlErrorHandlerTest","EtlErrorHandlerTest",""
"","","client_start","","","passed","","","test_transport","test_transport",""
"","0","RpcResultValues","","Sun Oct 04 14:37:11 UTC 2026","passed","Sun Oct 04 14:37:11 UTC 2026","","RpcTest","RpcTest",""
"","","e2e_zero_crc","","","passed","","","test_core","test_core",""
"","0","ErrorHandling","","Sun Oct 04 14:37:34 UTC 2026","passed","Sun Oct 04 14:37:34 UTC 2026","","UdpTransportTest","UdpTransportTest",""
"","0","VsomeipInteropScenario","","Sun Oct 04 14:37:11 UTC 2026","passed","Sun Oct 04 14:37:11 UTC 2026","","SdTest","SdTest",""
"","806","EventPublisherNoDuplicateInitialOnRefresh","","Sun Oct 04 14:37:18 UTC 2026","passed","Sun Oct 04 14:37:18 UTC 2026","","EventsTest","EventsTest",""
"","0","RequestVsNotificationDifferentBuffers","","Sun Oct 04 14:37:35 UTC 2026","passed","Sun Oct 04 14:37:35 UTC 2026","","TpTest","TpTest",""
"","0","SessionCount_ExcludesNonActive","","Sun Oct 04 14:37:11 UTC 2026","passed","Sun Oct 04 14:37:11 UTC 2026","","SessionManagerTest","SessionManagerTest",""
"","0","MessageTypeHelpers","","Sun Oct 04 14:37:11 UTC 2026","passed","Sun Oct 04 14:37:11 UTC 2026","","MessageTest","MessageTest",""
"","0","BackwardCompatibleSubscriptionIsInfinite","","Sun Oct 04 14:37:19 UTC 2026","passed","Sun Oct 04 14:37:19 UTC 2026","","EventsSubscriptionTTLTest","EventsSubscriptionTTLTest",""
"","0","IsValid_MCDC_BothFalse","","Sun Oct 04 14:37:11 UTC 2026","passed","Sun Oct 04 14:37:11 UTC 2026","","EndpointTest","EndpointTest",""
"","0","GetSessionInfo","","Sun Oct 04 14:37:11 UTC 2026","passed","Sun Oct 04 14:37:11 UTC 2026","","SessionManagerTest","SessionManagerTest",""
"","60","NotifyOneWakesOne","","Sun Oct 04 14:37:10 UTC 2026","passed","Sun Oct 04 14:37:10 UTC 2026","","CVConformance","CVConformance",""
"@tests feat_req_someip_761, REQ_MSG_056, REQ_MSG_060_TP_RESPONSE","0","test_tp_response_wire_type_is_0xa0","integration","Sun Oct 04 14:34:34 UTC 2026","passed","Sun Oct 04 14:34:34 UTC 2026","","test_tp_udp_integration","",""
"","0","ServerDuplicateOffer","","Sun Oct 04 14:37:11 UTC 2026","passed","Sun Oct 04 14:37:11 UTC 2026","","SdTest","SdTest",""
"","","payload_size_match","","","passed","","","test_transport","test_transport",""
"","0","ArrayLengthPrefixIsByteCount","","Sun Oct 04 14:37:11 UTC 2026","passed","Sun Oct 04 14:37:11 UTC 2026","","SerializationTest","SerializationTest",""
"","0","RoundTrip16","","Sun Oct 04 14:37:11 UTC 2026","passed","Sun Oct 04 14:37:11 UTC 2026","","ByteOrderTest","ByteOrderTest",""
"","0","TpSegmentsAndReassemblesLargePayload","","Sun Oct 04 14:37:34 UTC 2026","passed","Sun Oct 04 14:37:34 UTC 2026","","UdpTransportTest","UdpTransportTest",""
"","595","test_pal_zephyr_mock","","Sun Oct 04 14:37:09 UTC 2026","passed","Sun Oct 04 14:37:09 UTC 2026","","(empty)","test_pal_zephyr_mock",""
"","0","PlacementNewInitialization","","Sun Oct 04 14:34:11 UTC 2026","passed","Sun Oct 04 14:34:11 UTC 2026","","MessagePoolTest","MessagePoolTest",""
"","","infinite_ttl_never_expires","","","passed","","","test_events","test_events",""
"","0","ParseNextMessageDistinguishesOutcomes","","Sun Oct 04 14:37:25 UTC 2026","passed","Sun Oct 04 14:37:25 UTC 2026","","TcpTransportTest","TcpTransportTest",""
"","0","SignedIntegerBoundary","","Sun Oct 04 14:37:11 UTC 2026","passed","Sun Oct 04 14:37:11 UTC 2026","","SerializationTest","SerializationTest",""
"","0","ReceiveWithoutBind","","Sun Oct 04 14:37:34 UTC 2026","passed","Sun Oct 04 14:37:34 UTC 2026","","UdpTransportTest","UdpTransportTest",""
"","0","ServerDefaultPortIsNotSdPort","","Sun Oct 04 14:37:11 UTC 2026","passed","Sun Oct 04 14:37:11 UTC 2026","","RpcTest","RpcTest",""
"Test full stack E2E protection (client-server)","0","test_full_stack_e2e_protection","system","Sun Oct 04 14:34:34 UTC 2026","passed","Sun Oct 04 14:34:34 UTC 2026","E2ESystemTest","test_e2e_system","",""
"","","deser_uint16","","","passed","","","test_core","test_core",""
"
        Verify that multiple sequential messages have correctly
        incrementing session IDs and independent payloads.

        @test_case TC_E2E_INT_002
        @tests REQ_E2E_PLUGIN_004
        @tests feat_req_someip_102
        ","0","test_multiple_protected_messages","integration","Sun Oct 04 14:34:18 UTC 2026","passed","Sun Oct 04 14:34:18 UTC 2026","E2EIntegrationTest","test_e2e_integration","",""
"","","tp_single_message_type","","","passed","","","test_core","test_core",""
"","0","SdMessageEntries","","Sun Oct 04 14:37:11 UTC 2026","passed","Sun Oct 04 14:37:11 UTC 2026","","SdTest","SdTest",""
"","0","CRC8SAEJ1850","","Sun Oct 04 14:37:35 UTC 2026","passed","Sun Oct 04 14:37:35 UTC 2026","","E2ETest","E2ETest",""
"","0","Validation","","Sun Oct 04 14:37:11 UTC 2026","passed","Sun Oct 04 14:37:11 UTC 2026","","MessageTest","MessageTest",""
"","0","ThreadWithArguments","","Sun Oct 04 14:37:11 UTC 2026","passed","Sun Oct 04 14:37:11 UTC 2026","","ThreadTest","ThreadTest",""
"","0","NullReleaseIsSafe","","Sun Oct 04 14:34:11 UTC 2026","passed","Sun Oct 04 14:34:11 UTC 2026","","MessagePoolTest","MessagePoolTest",""
"","0","RpcResponseConstruction","","Sun Oct 04 14:37:11 UTC 2026","passed","Sun Oct 04 14:37:11 UTC 2026","","RpcTest","RpcTest",""
"","","tp_reassembly_segment_ok","","","passed","","","test_core","test_core",""
"","0","SerializerWithStaticBuffer","","Sun Oct 04 14:34:11 UTC 2026","passed","Sun Oct 04 14:34:11 UTC 2026","","StaticAllocIntegrationTest","StaticAllocIntegrationTest",""
"","0","RemoveSession","","Sun Oct 04 14:37:11 UTC 2026","passed","Sun Oct 04 14:37:11 UTC 2026","","SessionManagerTest","SessionManagerTest",""
"","0","IPv4_MCDC_D3_OctetTooLarge","","Sun Oct 04 14:37:11 UTC 2026","passed","Sun Oct 04 14:37:11 UTC 2026","","EndpointTest","EndpointTest",""
"","","tp_get_single_segment","","","passed","","","test_core","test_core",""
"","10","ReceiveMessageWithSenderEndpoint","","Sun Oct 04 14:37:34 UTC 2026","passed","Sun Oct 04 14:37:34 UTC 2026","","UdpTransportTest","UdpTransportTest",""
"","0","CreateSession_CapacityLimit","","Sun Oct 04 14:34:12 UTC 2026","passed","Sun Oct 04 14:34:12 UTC 2026","","SessionManagerTest","SessionManagerTest",""
"","0","IPv4_MaxLengthValid","","Sun Oct 04 14:37:11 UTC 2026","passed","Sun Oct 04 14:37:11 UTC 2026","","EndpointTest","EndpointTest",""
"","","is_multicast","","","passed","","","test_core","test_core",""
"","0","MultiTypeRoundTrip","","Sun Oct 04 14:37:10 UTC 2026","passed","Sun Oct 04 14:37:10 UTC 2026","","CapiSerializer","CapiSerializer",""
"","0","SerializeDeserializeDouble","","Sun Oct 04 14:37:11 UTC 2026","passed","Sun Oct 04 14:37:11 UTC 2026","","SerializationTest","SerializationTest",""
"","0","IntrusivePtrReturnsToPool","","Sun Oct 04 14:34:11 UTC 2026","passed","Sun Oct 04 14:34:11 UTC 2026","","MessagePoolTest","MessagePoolTest",""
"","0","ServerShutdownCancelsPendingMulticastReattempt","","Sun Oct 04 14:37:11 UTC 2026","passed","Sun Oct 04 14:37:11 UTC 2026","","SdTest","SdTest",""
"","0","VerifyBigEndianUint64","","Sun Oct 04 14:37:11 UTC 2026","passed","Sun Oct 04 14:37:11 UTC 2026","","SerializationTest","SerializationTest",""
"","0","MisalignedFinalSegmentAccepted","","Sun Oct 04 14:37:35 UTC 2026","passed","Sun Oct 04 14:37:35 UTC 2026","","TpTest","TpTest",""
"","0","IPv4_MCDC_D4_LeadingZero","","Sun Oct 04 14:37:11 UTC 2026","passed","Sun Oct 04 14:37:11 UTC 2026","","EndpointTest","EndpointTest",""
"","10","FireAndForgetWireTypeNoWait","","Sun Oct 04 14:37:11 UTC 2026","passed","Sun Oct 04 14:37:11 UTC 2026","","RpcTest","RpcTest",""
"","0","Equality","","Sun Oct 04 14:34:11 UTC 2026","passed","Sun Oct 04 14:34:11 UTC 2026","","ByteBufferTest","ByteBufferTest",""
"","0","MoveConstruct","","Sun Oct 04 14:34:11 UTC 2026","passed","Sun Oct 04 14:34:11 UTC 2026","","ByteBufferTest","ByteBufferTest",""
"","","tp_too_large_no_segments","","","passed","","","test_core","test_core",""
"","20","WaitAndOwnership","","Sun Oct 04 14:37:10 UTC 2026","passed","Sun Oct 04 14:37:10 UTC 2026","","CVConformance","CVConformance",""
"","0","ProtectMessage","","Sun Oct 04 14:37:10 UTC 2026","passed","Sun Oct 04 14:37:10 UTC 2026","","CapiE2E","CapiE2E",""
"","10","WrongInterfaceVersionReturnsError","","Sun Oct 04 14:37:11 UTC 2026","passed","Sun Oct 04 14:37:11 UTC 2026","","RpcTest","RpcTest",""
"","0","IPv4_IsNotIPv6","","Sun Oct 04 14:37:11 UTC 2026","passed","Sun Oct 04 14:37:11 UTC 2026","","EndpointTest","EndpointTest",""
"","0","SubscriptionStates","","Sun Oct 04 14:37:18 UTC 2026","passed","Sun Oct 04 14:37:18 UTC 2026","","EventsTest","EventsTest",""
"","0","CreateAndDestroy","","Sun Oct 04 14:37:10 UTC 2026","passed","Sun Oct 04 14:37:10 UTC 2026","","CapiRpcServer","CapiRpcServer",""
"","2","StaticAllocIntegrationTest","","Sun Oct 04 14:34:09 UTC 2026","passed","Sun Oct 04 14:34:09 UTC 2026","","(empty)","StaticAllocIntegrationTest",""
"","0","CopyAssignmentSelfAssignment","","Sun Oct 04 14:37:11 UTC 2026","passed","Sun Oct 04 14:37:11 UTC 2026","","EndpointTest","EndpointTest",""
"","0","IPv6_CompressionInMiddle","","Sun Oct 04 14:37:11 UTC 2026","passed","Sun Oct 04 14:37:11 UTC 2026","","EndpointTest","EndpointTest",""
"","0","DoubleJoinIsSafe","","Sun Oct 04 14:37:11 UTC 2026","passed","Sun Oct 04 14:37:11 UTC 2026","","ThreadTest","ThreadTest",""
"","0","ThreadWithArguments","","Sun Oct 04 14:37:10 UTC 2026","passed","Sun Oct 04 14:37:10 UTC 2026","","ThreadConformance","ThreadConformance",""
"","0","MoveTransfersOwnership","","Sun Oct 04 14:34:11 UTC 2026","passed","Sun Oct 04 14:34:11 UTC 2026","","IntrusivePtrTest","IntrusivePtrTest",""
"","0","SocketConfigurationOptions","","Sun Oct 04 14:37:34 UTC 2026","passed","Sun Oct 04 14:37:34 UTC 2026","","UdpTransportTest","UdpTransportTest",""
"","0","FixedArrayInsufficientBuffer","","Sun Oct 04 14:37:11 UTC 2026","passed","Sun Oct 04 14:37:11 UTC 2026","","SerializationTest","SerializationTest",""
"","400","IncompleteHeaderDoesNotNotifyRejection","","Sun Oct 04 14:37:25 UTC 2026","passed","Sun Oct 04 14:37:25 UTC 2026","","TcpTransportTest","TcpTransportTest",""
"","0","PredefinedEndpoints","","Sun Oct 04 14:37:11 UTC 2026","passed","Sun Oct 04 14:37:11 UTC 2026","","EndpointTest","EndpointTest",""
"","30","WaitWithPredicate","","Sun Oct 04 14:37:10 UTC 2026","passed","Sun Oct 04 14:37:10 UTC 2026","","CVConformance","CVConformance",""
"","0","ZeroPayloadTpSegmentDoesNotComplete","","Sun Oct 04 14:37:35 UTC 2026","passed","Sun Oct 04 14:37:35 UTC 2026","","TpTest","TpTest",""
"","0","SdMessagePreservesIPv6Options","","Sun Oct 04 14:37:11 UTC 2026","passed","Sun Oct 04 14:37:11 UTC 2026","","SdTest","SdTest",""
"","0","ServerMethodRegistration","","Sun Oct 04 14:37:11 UTC 2026","passed","Sun Oct 04 14:37:11 UTC 2026","","RpcTest","RpcTest",""
"","0","ClientReportsJoinedWithNoFailedEventgroupMembership","","Sun Oct 04 14:37:11 UTC 2026","passed","Sun Oct 04 14:37:11 UTC 2026","","SdTest","SdTest",""
"","","service_id","","","passed","","","test_core","test_core",""
"","0","MethodIdValidationBoundary","","Sun Oct 04 14:37:11 UTC 2026","passed","Sun Oct 04 14:37:11 UTC 2026","","MessageTest","MessageTest",""
"","","subscriber_id_matches","","","passed","","","test_events","test_events",""
"","0","ProfileRegistry","","Sun Oct 04 14:37:35 UTC 2026","passed","Sun Oct 04 14:37:35 UTC 2026","","E2ETest","E2ETest",""
"","300","DisconnectPeerClosesOnlyThatPeer","","Sun Oct 04 14:37:25 UTC 2026","passed","Sun Oct 04 14:37:25 UTC 2026","","TcpTransportTest","TcpTransportTest",""
"","0","ConstructionNotRunning","","Sun Oct 04 14:37:35 UTC 2026","passed","Sun Oct 04 14:37:35 UTC 2026","","EventDrivenTcpTransport","EventDrivenTcpTransport",""
"","0","MoveAssignmentPreservesInterfaceVersion","","Sun Oct 04 14:37:11 UTC 2026","passed","Sun Oct 04 14:37:11 UTC 2026","","MessageTest","MessageTest",""
"","0","ServiceEntrySerialization","","Sun Oct 04 14:37:11 UTC 2026","passed","Sun Oct 04 14:37:11 UTC 2026","","SdTest","SdTest",""
"","0","NullHandleReturnsError","","Sun Oct 04 14:37:10 UTC 2026","passed","Sun Oct 04 14:37:10 UTC 2026","","CapiRpcClient","CapiRpcClient",""
"","0","MoveBuffer","","Sun Oct 04 14:37:11 UTC 2026","passed","Sun Oct 04 14:37:11 UTC 2026","","SerializationTest","SerializationTest",""
"","1","ServerStopOfferService","","Sun Oct 04 14:37:12 UTC 2026","passed","Sun Oct 04 14:37:12 UTC 2026","","SdIntegrationTest","SdIntegrationTest",""
"","0","PersistentFailureReportsExhaustion","","Sun Oct 04 14:37:35 UTC 2026","passed","Sun Oct 04 14:37:35 UTC 2026","","MulticastMembershipTest","MulticastMembershipTest",""
"","0","MoreSegmentsUniformSize","","Sun Oct 04 14:37:35 UTC 2026","passed","Sun Oct 04 14:37:35 UTC 2026","","TpTest","TpTest",""
"","0","UnsupportedEntryType","","Sun Oct 04 14:37:11 UTC 2026","passed","Sun Oct 04 14:37:11 UTC 2026","","SdTest","SdTest",""
"","0","ZeroLengthOptions","","Sun Oct 04 14:37:11 UTC 2026","passed","Sun Oct 04 14:37:11 UTC 2026","","SdTest","SdTest",""
"","0","SendToInvalidAddress","","Sun Oct 04 14:37:34 UTC 2026","passed","Sun Oct 04 14:37:34 UTC 2026","","UdpTransportTest","UdpTransportTest",""
"","","service_id_match","","","passed","","","test_transport","test_transport",""
"","0","IPv4_MCDC_D5_ExactFourOctets","","Sun Oct 04 14:37:11 UTC 2026","passed","Sun Oct 04 14:37:11 UTC 2026","","EndpointTest","EndpointTest",""
"","0","CreateAndDestroy","","Sun Oct 04 14:37:10 UTC 2026","passed","Sun Oct 04 14:37:10 UTC 2026","","CapiMessage","CapiMessage",""
"","0","MismatchedMessageLengthRejectedBufferPreserved","","Sun Oct 04 14:37:35 UTC 2026","passed","Sun Oct 04 14:37:35 UTC 2026","","TpTest","TpTest",""
"","","default_return_code","","","passed","","","test_core","test_core",""
"REQUEST_NO_RETURN is message type 0x01 with Return Code E_OK.

    @tests REQ_MSG_052
    ","1","test_pack_request_no_return_type","integration","Sun Oct 04 14:34:32 UTC 2026","passed","Sun Oct 04 14:34:32 UTC 2026","","test_rpc_spec_integration","",""
"","0","HeaderFieldRoundTrip","","Sun Oct 04 14:37:10 UTC 2026","passed","Sun Oct 04 14:37:10 UTC 2026","","CapiMessage","CapiMessage",""
"","10","ConnectUnreachable","","Sun Oct 04 14:37:25 UTC 2026","passed","Sun Oct 04 14:37:25 UTC 2026","","TcpTransportTest","TcpTransportTest",""
"","0","CRC32","","Sun Oct 04 14:37:35 UTC 2026","passed","Sun Oct 04 14:37:35 UTC 2026","","E2ETest","E2ETest",""
"","0","IPv6_MCDC_D3_MultipleDoubleColons","","Sun Oct 04 14:37:11 UTC 2026","passed","Sun Oct 04 14:37:11 UTC 2026","","EndpointTest","EndpointTest",""
"","0","ProfileRegistry_DefaultProfile","","Sun Oct 04 14:37:35 UTC 2026","passed","Sun Oct 04 14:37:35 UTC 2026","","E2ETest","E2ETest",""
"","0","SdServerConstructDestroyUnderTrap","","Sun Oct 04 14:34:11 UTC 2026","passed","Sun Oct 04 14:34:11 UTC 2026","","StaticAllocIntegrationTest","StaticAllocIntegrationTest",""
"","0","DoubleUnlockNoCrash","","Sun Oct 04 14:37:10 UTC 2026","passed","Sun Oct 04 14:37:10 UTC 2026","","MutexConformance","MutexConformance",""
"","0","MessageSizeLimit","","Sun Oct 04 14:37:34 UTC 2026","passed","Sun Oct 04 14:37:34 UTC 2026","","UdpTransportTest","UdpTransportTest",""
"Test sending multiple messages in sequence.

    @tests REQ_TRANSPORT_001a, REQ_TRANSPORT_001b
    @tests REQ_TRANSPORT_004a, REQ_TRANSPORT_004b
    ","2512","test_echo_multiple_messages","integration","Sun Oct 04 14:34:21 UTC 2026","passed","Sun Oct 04 14:34:23 UTC 2026","","test_echo_integration","",""
"","0","TpFlagInMessageType","","Sun Oct 04 14:37:35 UTC 2026","passed","Sun Oct 04 14:37:35 UTC 2026","","TpTest","TpTest",""
"","0","ZeroBoundDisablesRetryAndReportsExhausted","","Sun Oct 04 14:37:35 UTC 2026","passed","Sun Oct 04 14:37:35 UTC 2026","","MulticastMembershipTest","MulticastMembershipTest",""
"","0","TryDeserializeDistinguishesRejectionClasses","","Sun Oct 04 14:37:11 UTC 2026","passed","Sun Oct 04 14:37:11 UTC 2026","","MessageTest","MessageTest",""
"","0","IPv4EndpointOptionSerializesLength9","","Sun Oct 04 14:37:11 UTC 2026","passed","Sun Oct 04 14:37:11 UTC 2026","","SdTest","SdTest",""
"","0","RejectInvalidReconstructedHeader","","Sun Oct 04 14:37:35 UTC 2026","passed","Sun Oct 04 14:37:35 UTC 2026","","TpTest","TpTest",""
"","0","MultipleClients","","Sun Oct 04 14:37:11 UTC 2026","passed","Sun Oct 04 14:37:11 UTC 2026","","SessionManagerTest","SessionManagerTest",""
"","0","IsValid_MCDC_IPv4True","","Sun Oct 04 14:37:11 UTC 2026","passed","Sun Oct 04 14:37:11 UTC 2026","","EndpointTest","EndpointTest",""
"","0","HeaderDeserialize_OffsetPastEnd","","Sun Oct 04 14:37:35 UTC 2026","passed","Sun Oct 04 14:37:35 UTC 2026","","E2ETest","E2ETest",""
"","20","ClientDoubleSubscribe","","Sun Oct 04 14:37:11 UTC 2026","passed","Sun Oct 04 14:37:11 UTC 2026","","SdTest","SdTest",""
"","101","SubscribeAcceptsUdpAndTcpEndpoints","","Sun Oct 04 14:37:12 UTC 2026","passed","Sun Oct 04 14:37:12 UTC 2026","","SdIntegrationTest","SdIntegrationTest",""
"","0","CompleteMalformedFrameNotifiesRejection","","Sun Oct 04 14:37:35 UTC 2026","passed","Sun Oct 04 14:37:35 UTC 2026","","EventDrivenTcpTransport","EventDrivenTcpTransport",""
"","0","IPv6Valid_AllZeros","","Sun Oct 04 14:37:11 UTC 2026","passed","Sun Oct 04 14:37:11 UTC 2026","","EndpointTest","EndpointTest",""
"","0","PayloadViewEmpty","","Sun Oct 04 14:37:11 UTC 2026","passed","Sun Oct 04 14:37:11 UTC 2026","","MessageTest","MessageTest",""
"
        Verify that error return codes are correctly encoded and can be
        parsed from wire format.

        @test_case TC_E2E_INT_005
        @tests REQ_E2E_PLUGIN_001
        @tests REQ_ARCH_004
        ","1","test_error_propagation","integration","Sun Oct 04 14:34:18 UTC 2026","passed","Sun Oct 04 14:34:18 UTC 2026","E2EIntegrationTest","test_e2e_integration","",""
"","10","ServerRejectionHandlerSeesMalformedRequest","","Sun Oct 04 14:37:11 UTC 2026","passed","Sun Oct 04 14:37:11 UTC 2026","","RpcTest","RpcTest",""
"","","tp_single_segment_ok","","","passed","","","test_core","test_core",""
"","0","SessionIdZeroWithActiveSession","","Sun Oct 04 14:37:11 UTC 2026","passed","Sun Oct 04 14:37:11 UTC 2026","","MessageTest","MessageTest",""
"","0","IPv4_StartsWithDot","","Sun Oct 04 14:37:11 UTC 2026","passed","Sun Oct 04 14:37:11 UTC 2026","","EndpointTest","EndpointTest",""
"","0","AllocateMessage","","Sun Oct 04 14:37:11 UTC 2026","passed","Sun Oct 04 14:37:11 UTC 2026","","MemoryTest","MemoryTest",""
"","0","ProfileRegistry_LookupByName","","Sun Oct 04 14:37:35 UTC 2026","passed","Sun Oct 04 14:37:35 UTC 2026","","E2ETest","E2ETest",""
"","","deser_uint8","","","passed","","","test_core","test_core",""
"","0","SendOnDisconnected","","Sun Oct 04 14:37:25 UTC 2026","passed","Sun Oct 04 14:37:25 UTC 2026","","TcpTransportTest","TcpTransportTest",""
"","0","CreateAndDestroy","","Sun Oct 04 14:37:10 UTC 2026","passed","Sun Oct 04 14:37:10 UTC 2026","","CapiRpcClient","CapiRpcClient",""
"","","e2e_header_deserialize","","","passed","","","test_core","test_core",""
"","0","EventGroupEntryDeserializeTruncated","","Sun Oct 04 14:37:11 UTC 2026","passed","Sun Oct 04 14:37:11 UTC 2026","","SdTest","SdTest",""
"","0","EmptyStringWireFormat","","Sun Oct 04 14:37:11 UTC 2026","passed","Sun Oct 04 14:37:11 UTC 2026","","SerializationTest","SerializationTest",""
"","0","CounterOnly_FirstMessage_ValidCounter","","Sun Oct 04 14:37:35 UTC 2026","passed","Sun Oct 04 14:37:35 UTC 2026","","E2ETest","E2ETest",""
"","0","NullptrConstruct","","Sun Oct 04 14:34:11 UTC 2026","passed","Sun Oct 04 14:34:11 UTC 2026","","IntrusivePtrTest","IntrusivePtrTest",""
"","0","ProtectAndValidateRejectNonStandardHeaderSize","","Sun Oct 04 14:37:35 UTC 2026","passed","Sun Oct 04 14:37:35 UTC 2026","","E2ETest","E2ETest",""
"","0","IPv6Valid_FullAddress","","Sun Oct 04 14:37:11 UTC 2026","passed","Sun Oct 04 14:37:11 UTC 2026","","EndpointTest","EndpointTest",""
"","0","IPv6_MCDC_D7_CompressionTooManyGroups","","Sun Oct 04 14:37:11 UTC 2026","passed","Sun Oct 04 14:37:11 UTC 2026","","EndpointTest","EndpointTest",""
"","0","IPv6_IsNotIPv4","","Sun Oct 04 14:37:11 UTC 2026","passed","Sun Oct 04 14:37:11 UTC 2026","","EndpointTest","EndpointTest",""
"","7480","EventsTest","","Sun Oct 04 14:37:09 UTC 2026","passed","Sun Oct 04 14:37:16 UTC 2026","","(empty)","EventsTest",""
"","0","IPv4_MCDC_D3_BoundaryOctets","","Sun Oct 04 14:37:11 UTC 2026","passed","Sun Oct 04 14:37:11 UTC 2026","","EndpointTest","EndpointTest",""
"","","crc8_nonzero","","","passed","","","test_core","test_core",""
"","0","ServerInitializeAndShutdown","","Sun Oct 04 14:37:12 UTC 2026","passed","Sun Oct 04 14:37:12 UTC 2026","","SdIntegrationTest","SdIntegrationTest",""
"","0","ZeroLengthSegmentPayload","","Sun Oct 04 14:37:35 UTC 2026","passed","Sun Oct 04 14:37:35 UTC 2026","","TpTest","TpTest",""
"","","valid_ipv4","","","passed","","","test_core","test_core",""
"","0","AllFeaturesDisabled","","Sun Oct 04 14:37:35 UTC 2026","passed","Sun Oct 04 14:37:35 UTC 2026","","E2ETest","E2ETest",""
"Test multiple clients sending to the same server concurrently.","2512","test_echo_concurrent_clients","integration","Sun Oct 04 14:34:23 UTC 2026","passed","Sun Oct 04 14:34:26 UTC 2026","","test_echo_integration","",""
"","0","IPv4MulticastOptionSerialization","","Sun Oct 04 14:37:11 UTC 2026","passed","Sun Oct 04 14:37:11 UTC 2026","","SdTest","SdTest",""
"","0","SdMessageOptions","","Sun Oct 04 14:37:11 UTC 2026","passed","Sun Oct 04 14:37:11 UTC 2026","","SdTest","SdTest",""
"","200","ServerRoutesEachResponseToItsOwnPeer","","Sun Oct 04 14:37:25 UTC 2026","passed","Sun Oct 04 14:37:25 UTC 2026","","TcpTransportTest","TcpTransportTest",""
"","1","test_full_stack_e2e_protection","","Sun Oct 04 14:34:18 UTC 2026","passed","Sun Oct 04 14:34:18 UTC 2026","","pytest","system.test_e2e_system.E2ESystemTest",""
"","0","Instance","","Sun Oct 04 14:37:11 UTC 2026","passed","Sun Oct 04 14:37:11 UTC 2026","","SdTest","SdTest",""
"","0","SessionIdStartsAtOne","","Sun Oct 04 14:37:11 UTC 2026","passed","Sun Oct 04 14:37:11 UTC 2026","","SdTest","SdTest",""
"","0","MaximumSegmentSize","","Sun Oct 04 14:37:35 UTC 2026","passed","Sun Oct 04 14:37:35 UTC 2026","","TpTest","TpTest",""
"","0","SdMessage","","Sun Oct 04 14:37:11 UTC 2026","passed","Sun Oct 04 14:37:11 UTC 2026","","SdTest","SdTest",""
"","0","ToString_Multicast","","Sun Oct 04 14:37:11 UTC 2026","passed","Sun Oct 04 14:37:11 UTC 2026","","EndpointTest","EndpointTest",""
"","0","SerializeDeserializeEmptyArray","","Sun Oct 04 14:37:11 UTC 2026","passed","Sun Oct 04 14:37:11 UTC 2026","","SerializationTest","SerializationTest",""
"","812","UdpTransportTest","","Sun Oct 04 14:37:09 UTC 2026","passed","Sun Oct 04 14:37:09 UTC 2026","","(empty)","UdpTransportTest",""
"","0","IPv4_MCDC_D4_SingleDigit","","Sun Oct 04 14:37:11 UTC 2026","passed","Sun Oct 04 14:37:11 UTC 2026","","EndpointTest","EndpointTest",""
"","20","ModeSwitchPollingToListenerAndBack","","Sun Oct 04 14:37:34 UTC 2026","passed","Sun Oct 04 14:37:34 UTC 2026","","UdpTransportTest","UdpTransportTest",""
"","0","ValidateSession_InactiveState","","Sun Oct 04 14:37:11 UTC 2026","passed","Sun Oct 04 14:37:11 UTC 2026","","SessionManagerTest","SessionManagerTest",""
"","0","HeaderRoundTrip_BoundaryValues","","Sun Oct 04 14:37:35 UTC 2026","passed","Sun Oct 04 14:37:35 UTC 2026","","E2ETest","E2ETest",""
"","0","IPv4Valid_BasicAddresses","","Sun Oct 04 14:37:11 UTC 2026","passed","Sun Oct 04 14:37:11 UTC 2026","","EndpointTest","EndpointTest",""
"","","e2e_header_size_12","","","passed","","","test_core","test_core",""
"","0","CounterOnly_MonotonicIncrease","","Sun Oct 04 14:37:35 UTC 2026","passed","Sun Oct 04 14:37:35 UTC 2026","","E2ETest","E2ETest",""
"","0","LockBlocksOtherThread","","Sun Oct 04 14:37:10 UTC 2026","passed","Sun Oct 04 14:37:10 UTC 2026","","MutexConformance","MutexConformance",""
"","0","MagicCookieIsSkipped","","Sun Oct 04 14:37:35 UTC 2026","passed","Sun Oct 04 14:37:35 UTC 2026","","EventDrivenTcpTransport","EventDrivenTcpTransport",""
"","0","EventGroupEntrySerialization","","Sun Oct 04 14:37:11 UTC 2026","passed","Sun Oct 04 14:37:11 UTC 2026","","SdTest","SdTest",""
"","0","Comparison","","Sun Oct 04 14:34:11 UTC 2026","passed","Sun Oct 04 14:34:11 UTC 2026","","IntrusivePtrTest","IntrusivePtrTest",""
"","3","CapiE2ETest","","Sun Oct 04 14:37:09 UTC 2026","passed","Sun Oct 04 14:37:09 UTC 2026","","(empty)","CapiE2ETest",""
"","","subscription_count_is_one","","","passed","","","test_events","test_events",""
"","0","ToString_TCP","","Sun Oct 04 14:37:11 UTC 2026","passed","Sun Oct 04 14:37:11 UTC 2026","","EndpointTest","EndpointTest",""
"","101","EventPublisherSendsInitialFieldOnNewSubscription","","Sun Oct 04 14:37:18 UTC 2026","passed","Sun Oct 04 14:37:18 UTC 2026","","EventsTest","EventsTest",""
"","","tp_first_segment_type","","","passed","","","test_core","test_core",""
"","0","ReadFromEmptyBuffer","","Sun Oct 04 14:37:11 UTC 2026","passed","Sun Oct 04 14:37:11 UTC 2026","","SerializationTest","SerializationTest",""
"","","e2e_profile_name_basic","","","passed","","","test_core","test_core",""
"","2522","test_echo_message_flow","","Sun Oct 04 14:34:18 UTC 2026","passed","Sun Oct 04 14:34:20 UTC 2026","","pytest","integration.test_echo_integration",""
"","0","FloatNanPreservation","","Sun Oct 04 14:37:11 UTC 2026","passed","Sun Oct 04 14:37:11 UTC 2026","","SerializationTest","SerializationTest",""
"","0","NonBlockingModeBehavior","","Sun Oct 04 14:37:34 UTC 2026","passed","Sun Oct 04 14:37:34 UTC 2026","","UdpTransportTest","UdpTransportTest",""
"","","protocol_version","","","passed","","","test_core","test_core",""
"","0","ServiceEntryMinorVersionMax","","Sun Oct 04 14:37:11 UTC 2026","passed","Sun Oct 04 14:37:11 UTC 2026","","SdTest","SdTest",""
"","1","test_pack_request_no_return_type","","Sun Oct 04 14:34:18 UTC 2026","passed","Sun Oct 04 14:34:18 UTC 2026","","pytest","integration.test_rpc_spec_integration",""
"","","e2e_corrupted_crc_rejected","","","passed","","","test_core","test_core",""
"","0","IndependentAllocations","","Sun Oct 04 14:37:10 UTC 2026","passed","Sun Oct 04 14:37:10 UTC 2026","","MemoryConformance","MemoryConformance",""
"","0","SessionIdWrapAroundSkipsZero","","Sun Oct 04 14:37:11 UTC 2026","passed","Sun Oct 04 14:37:11 UTC 2026","","SdTest","SdTest",""
"","0","OverlapDifferentDataFirstWins","","Sun Oct 04 14:37:35 UTC 2026","passed","Sun Oct 04 14:37:35 UTC 2026","","TpTest","TpTest",""
"","0","DefaultConfigOffsetIs64Bits","","Sun Oct 04 14:37:35 UTC 2026","passed","Sun Oct 04 14:37:35 UTC 2026","","E2ETest","E2ETest",""
"","0","InvalidTransferId","","Sun Oct 04 14:37:35 UTC 2026","passed","Sun Oct 04 14:37:35 UTC 2026","","TpTest","TpTest",""
"","222","FireAndForgetServerDoesNotRespond","","Sun Oct 04 14:37:11 UTC 2026","passed","Sun Oct 04 14:37:11 UTC 2026","","RpcTest","RpcTest",""
"","0","IPv4EndpointOptionDeserializeTruncated","","Sun Oct 04 14:37:11 UTC 2026","passed","Sun Oct 04 14:37:11 UTC 2026","","SdTest","SdTest",""
"","0","ResponseForFireAndForget","","Sun Oct 04 14:37:11 UTC 2026","passed","Sun Oct 04 14:37:11 UTC 2026","","MessageTest","MessageTest",""
"","0","IPv6_MCDC_D2_AllValidChars","","Sun Oct 04 14:37:11 UTC 2026","passed","Sun Oct 04 14:37:11 UTC 2026","","EndpointTest","EndpointTest",""
"","3","CapiTpTest","","Sun Oct 04 14:37:09 UTC 2026","passed","Sun Oct 04 14:37:09 UTC 2026","","(empty)","CapiTpTest",""
"","0","MultipleAlignments","","Sun Oct 04 14:37:11 UTC 2026","passed","Sun Oct 04 14:37:11 UTC 2026","","SerializationTest","SerializationTest",""
"","257","TpTest","","Sun Oct 04 14:37:09 UTC 2026","passed","Sun Oct 04 14:37:09 UTC 2026","","(empty)","TpTest",""
"","0","StringEmbeddedNull","","Sun Oct 04 14:37:11 UTC 2026","passed","Sun Oct 04 14:37:11 UTC 2026","","SerializationTest","SerializationTest",""
"","0","SingleMessageExceedsMaxSizeRejected","","Sun Oct 04 14:37:35 UTC 2026","passed","Sun Oct 04 14:37:35 UTC 2026","","TpTest","TpTest",""
"","0","ReassemblyKeyIncludesSender","","Sun Oct 04 14:37:35 UTC 2026","passed","Sun Oct 04 14:37:35 UTC 2026","","TpTest","TpTest",""
"
        Verify that stale messages (identified by non-incrementing session ID)
        can be detected by the receiver, including across rollover boundaries.

        @test_case TC_E2E_INT_004
        @tests REQ_E2E_PLUGIN_004
        ","0","test_freshness_timeout","integration","Sun Oct 04 14:34:18 UTC 2026","passed","Sun Oct 04 14:34:18 UTC 2026","E2EIntegrationTest","test_e2e_integration","",""
"","0","EventSubscriptionConstruction","","Sun Oct 04 14:37:18 UTC 2026","passed","Sun Oct 04 14:37:18 UTC 2026","","EventsTest","EventsTest",""
"","","empty_buffer_fails","","","passed","","","test_core","test_core",""
"","0","FindServiceWildcard","","Sun Oct 04 14:37:11 UTC 2026","passed","Sun Oct 04 14:37:11 UTC 2026","","SdTest","SdTest",""
"","0","ConnectMulticastUdpJoinsAdapter","","Sun Oct 04 14:37:35 UTC 2026","passed","Sun Oct 04 14:37:35 UTC 2026","","EventDrivenUdpTransport","EventDrivenUdpTransport",""
"","0","MagicCookieConsumedByParser","","Sun Oct 04 14:37:25 UTC 2026","passed","Sun Oct 04 14:37:25 UTC 2026","","TcpTransportTest","TcpTransportTest",""
"","","deserialize","","","passed","","","test_core","test_core",""
"","0","ListenerOnlyDoesNotRetainQueueMessages","","Sun Oct 04 14:37:34 UTC 2026","passed","Sun Oct 04 14:37:34 UTC 2026","","UdpTransportTest","UdpTransportTest",""
"","","session_id","","","passed","","","test_core","test_core",""
"","0","SerializeDeserializeInt16Array","","Sun Oct 04 14:37:11 UTC 2026","passed","Sun Oct 04 14:37:11 UTC 2026","","SerializationTest","SerializationTest",""
"","4","CapiSdTest","","Sun Oct 04 14:37:09 UTC 2026","passed","Sun Oct 04 14:37:09 UTC 2026","","(empty)","CapiSdTest",""
"","","e2e_header_counter_match","","","passed","","","test_core","test_core",""
"","0","EndpointOption","","Sun Oct 04 14:37:11 UTC 2026","passed","Sun Oct 04 14:37:11 UTC 2026","","SdTest","SdTest",""
"","2516","test_echo_large_message","","Sun Oct 04 14:34:18 UTC 2026","passed","Sun Oct 04 14:34:20 UTC 2026","","pytest","integration.test_echo_integration",""
"","","violations=0 threshold=0","","","passed","","","clang-tidy/quality-gate","clang-tidy.quality-gate",""
"","","e2e_default_profile_exists","","","passed","","","test_core","test_core",""
"","0","ReceiveBufferExhaustionResetsAndSignals","","Sun Oct 04 14:37:35 UTC 2026","passed","Sun Oct 04 14:37:35 UTC 2026","","EventDrivenTcpTransport","EventDrivenTcpTransport",""
"","0","RemoveNonexistentSession","","Sun Oct 04 14:37:11 UTC 2026","passed","Sun Oct 04 14:37:11 UTC 2026","","SessionManagerTest","SessionManagerTest",""
"","0","ZeroLengthMessage","","Sun Oct 04 14:37:25 UTC 2026","passed","Sun Oct 04 14:37:25 UTC 2026","","TcpTransportTest","TcpTransportTest",""
"","","deser_uint32","","","passed","","","test_core","test_core",""
"","110","QueuedMessagesPreservedWhenListenerInstalled","","Sun Oct 04 14:37:34 UTC 2026","passed","Sun Oct 04 14:37:34 UTC 2026","","UdpTransportTest","UdpTransportTest",""
"","202","JoinAfterFastCompletion","","Sun Oct 04 14:37:10 UTC 2026","passed","Sun Oct 04 14:37:10 UTC 2026","","ThreadConformance","ThreadConformance",""
"","101","AckOmitsMulticastOptionForUnicastEventgroup","","Sun Oct 04 14:37:12 UTC 2026","passed","Sun Oct 04 14:37:12 UTC 2026","","SdIntegrationTest","SdIntegrationTest",""
"","0","IPv4_MCDC_D2_EmptyOctet","","Sun Oct 04 14:37:11 UTC 2026","passed","Sun Oct 04 14:37:11 UTC 2026","","EndpointTest","EndpointTest",""
"","0","AlignedNonFinalSegmentAccepted","","Sun Oct 04 14:37:35 UTC 2026","passed","Sun Oct 04 14:37:35 UTC 2026","","TpTest","TpTest",""
"","0","VerifyBigEndianUint16","","Sun Oct 04 14:37:11 UTC 2026","passed","Sun Oct 04 14:37:11 UTC 2026","","SerializationTest","SerializationTest",""
"","120","MinorVersionSurvivesServerToClient","","Sun Oct 04 14:37:12 UTC 2026","passed","Sun Oct 04 14:37:12 UTC 2026","","SdIntegrationTest","SdIntegrationTest",""
"","0","AlignTo8Bytes","","Sun Oct 04 14:37:11 UTC 2026","passed","Sun Oct 04 14:37:11 UTC 2026","","SerializationTest","SerializationTest",""
"","0","AlignTo4Bytes","","Sun Oct 04 14:37:11 UTC 2026","passed","Sun Oct 04 14:37:11 UTC 2026","","SerializationTest","SerializationTest",""
"","10","Session_UpdateActivity","","Sun Oct 04 14:37:11 UTC 2026","passed","Sun Oct 04 14:37:11 UTC 2026","","SessionManagerTest","SessionManagerTest",""
"","0","SerializeDeserializeFloatSpecialValues","","Sun Oct 04 14:37:11 UTC 2026","passed","Sun Oct 04 14:37:11 UTC 2026","","SerializationTest","SerializationTest",""
"","270","RpcTest","","Sun Oct 04 14:37:09 UTC 2026","passed","Sun Oct 04 14:37:09 UTC 2026","","(empty)","RpcTest",""
"","0","MapInsertLookup","","Sun Oct 04 14:34:11 UTC 2026","passed","Sun Oct 04 14:34:11 UTC 2026","","ContainerTest","ContainerTest",""
"","0","Setters","","Sun Oct 04 14:37:11 UTC 2026","passed","Sun Oct 04 14:37:11 UTC 2026","","EndpointTest","EndpointTest",""
"","0","AcquireOnConstruction","","Sun Oct 04 14:37:10 UTC 2026","passed","Sun Oct 04 14:37:10 UTC 2026","","ScopedLockConformance","ScopedLockConformance",""
"","","uint64_serialized_size","","","passed","","","test_core","test_core",""
"","5","MessageTest","","Sun Oct 04 14:37:09 UTC 2026","passed","Sun Oct 04 14:37:09 UTC 2026","","(empty)","MessageTest",""
"","","tp_same_sequence_number","","","passed","","","test_core","test_core",""
"","0","SerializeDeserializeDoubleSpecialValues","","Sun Oct 04 14:37:11 UTC 2026","passed","Sun Oct 04 14:37:11 UTC 2026","","SerializationTest","SerializationTest",""
"","","tp_nonfinal_segments_uniform_size","","","passed","","","test_core","test_core",""
"","","get_address","","","passed","","","test_core","test_core",""
"","0","DISABLED_MessageRoundTrip","","Sun Oct 04 14:37:25 UTC 2026","skipped","Sun Oct 04 14:37:25 UTC 2026","","TcpTransportTest","TcpTransportTest",""
"","0","IPv4_MCDC_D2_FourDigitOctet","","Sun Oct 04 14:37:11 UTC 2026","passed","Sun Oct 04 14:37:11 UTC 2026","","EndpointTest","EndpointTest",""
"","0","LessThanOperator_AddressOrdering","","Sun Oct 04 14:37:11 UTC 2026","passed","Sun Oct 04 14:37:11 UTC 2026","","EndpointTest","EndpointTest",""
"","0","TpFlaggedResponseAndErrorAccepted","","Sun Oct 04 14:37:11 UTC 2026","passed","Sun Oct 04 14:37:11 UTC 2026","","MessageTest","MessageTest",""
"","0","Config","","Sun Oct 04 14:37:11 UTC 2026","passed","Sun Oct 04 14:37:11 UTC 2026","","SdTest","SdTest",""
"","0","BooleanUsesLowestBitOnly","","Sun Oct 04 14:37:11 UTC 2026","passed","Sun Oct 04 14:37:11 UTC 2026","","SerializationTest","SerializationTest",""
"","0","MagicCookieMethodTypeCorrelation","","Sun Oct 04 14:37:25 UTC 2026","passed","Sun Oct 04 14:37:25 UTC 2026","","TcpTransportTest","TcpTransportTest",""
"","0","ParseSingleCompleteMessage","","Sun Oct 04 14:37:25 UTC 2026","passed","Sun Oct 04 14:37:25 UTC 2026","","TcpTransportTest","TcpTransportTest",""
"Interface Version 0x02 is the service major on the wire.

    @tests REQ_MSG_041
    @tests feat_req_someip_92
    ","1","test_pack_interface_version_two","integration","Sun Oct 04 14:34:32 UTC 2026","passed","Sun Oct 04 14:34:32 UTC 2026","","test_rpc_spec_integration","",""
"","0","NullRejectsGracefully","","Sun Oct 04 14:37:10 UTC 2026","passed","Sun Oct 04 14:37:10 UTC 2026","","CapiDeserializer","CapiDeserializer",""
"","1","test_sd_demo_optional","","Sun Oct 04 14:34:18 UTC 2026","passed","Sun Oct 04 14:34:18 UTC 2026","","pytest","integration.test_sd_spec_integration",""
"","0","SendWhenNotConnectedFails","","Sun Oct 04 14:37:35 UTC 2026","passed","Sun Oct 04 14:37:35 UTC 2026","","EventDrivenTcpTransport","EventDrivenTcpTransport",""
"","0","SubscribeRejectsNullCallback","","Sun Oct 04 14:37:10 UTC 2026","passed","Sun Oct 04 14:37:10 UTC 2026","","CapiEventSubscriber","CapiEventSubscriber",""
"","0","WireKeyOverridesTpSegmentHeader","","Sun Oct 04 14:37:35 UTC 2026","passed","Sun Oct 04 14:37:35 UTC 2026","","TpTest","TpTest",""
"","0","InitializationWithFullConfig","","Sun Oct 04 14:37:34 UTC 2026","passed","Sun Oct 04 14:37:34 UTC 2026","","UdpTransportTest","UdpTransportTest",""
"","494","test_pal_threadx_mock","","Sun Oct 04 14:37:09 UTC 2026","passed","Sun Oct 04 14:37:09 UTC 2026","","(empty)","test_pal_threadx_mock",""
"
    Exercise sd_demo binaries when present; skip otherwise.

    @test_case TC_SD_PY_DEMO
    @tests REQ_SD_818
    ","0","test_sd_demo_optional","integration","Sun Oct 04 14:34:34 UTC 2026","passed","Sun Oct 04 14:34:34 UTC 2026","","test_sd_spec_integration","",""
"","0","ServerStatistics","","Sun Oct 04 14:37:11 UTC 2026","passed","Sun Oct 04 14:37:11 UTC 2026","","RpcTest","RpcTest",""
"","0","Insert","","Sun Oct 04 14:34:11 UTC 2026","passed","Sun Oct 04 14:34:11 UTC 2026","","ByteBufferTest","ByteBufferTest",""
"","0","EmptyEntriesArray","","Sun Oct 04 14:37:11 UTC 2026","passed","Sun Oct 04 14:37:11 UTC 2026","","SdTest","SdTest",""
"","0","DoubleReleaseIsSafe","","Sun Oct 04 14:34:11 UTC 2026","passed","Sun Oct 04 14:34:11 UTC 2026","","MessagePoolTest","MessagePoolTest",""
"","0","SameSessionId","","Sun Oct 04 14:37:35 UTC 2026","passed","Sun Oct 04 14:37:35 UTC 2026","","TpTest","TpTest",""
"","0","AllZeroRequestIdWarning","","Sun Oct 04 14:37:11 UTC 2026","passed","Sun Oct 04 14:37:11 UTC 2026","","MessageTest","MessageTest",""
"","3","CapiTransportTest","","Sun Oct 04 14:37:09 UTC 2026","passed","Sun Oct 04 14:37:09 UTC 2026","","(empty)","CapiTransportTest",""
"","0","FullStackUnderTrap","","Sun Oct 04 14:34:11 UTC 2026","passed","Sun Oct 04 14:34:11 UTC 2026","","StaticAllocIntegrationTest","StaticAllocIntegrationTest",""
"","0","NonBlockingModeLifecycle","","Sun Oct 04 14:37:34 UTC 2026","passed","Sun Oct 04 14:37:34 UTC 2026","","UdpTransportTest","UdpTransportTest",""
"","0","BufferPoolOperationsUnderTrap","","Sun Oct 04 14:34:11 UTC 2026","passed","Sun Oct 04 14:34:11 UTC 2026","","StaticAllocIntegrationTest","StaticAllocIntegrationTest",""
"","300","CompleteMalformedFrameNotifiesRejection","","Sun Oct 04 14:37:25 UTC 2026","passed","Sun Oct 04 14:37:25 UTC 2026","","TcpTransportTest","TcpTransportTest",""
"","0","ConfigurationOptionInteropDeserialize","","Sun Oct 04 14:37:11 UTC 2026","passed","Sun Oct 04 14:37:11 UTC 2026","","SdTest","SdTest",""
"","","tp_segments_16byte_aligned","","","passed","","","test_core","test_core",""
"","6","SerializationTest","","Sun Oct 04 14:37:09 UTC 2026","passed","Sun Oct 04 14:37:09 UTC 2026","","(empty)","SerializationTest",""
"","0","NotifyBeforeWaitDoesNotDeadlock","","Sun Oct 04 14:37:10 UTC 2026","passed","Sun Oct 04 14:37:10 UTC 2026","","CVConformance","CVConformance",""
"","25","RepeatedNotifyWaitCycles","","Sun Oct 04 14:37:10 UTC 2026","passed","Sun Oct 04 14:37:10 UTC 2026","","CVConformance","CVConformance",""
"","","e2e_unknown_profile_null","","","passed","","","test_core","test_core",""
"","","stop_subscribe_nonexistent_returns_false","","","passed","","","test_events","test_events",""
"","0","NestedDataStructure","","Sun Oct 04 14:37:11 UTC 2026","passed","Sun Oct 04 14:37:11 UTC 2026","","SerializationTest","SerializationTest",""
"","0","MaxConnectionsClampedToCompileTimeCapacity","","Sun Oct 04 14:37:25 UTC 2026","passed","Sun Oct 04 14:37:25 UTC 2026","","TcpTransportTest","TcpTransportTest",""
"","0","ReassemblySessionIdDiscard","","Sun Oct 04 14:37:35 UTC 2026","passed","Sun Oct 04 14:37:35 UTC 2026","","TpTest","TpTest",""
"","0","MessageSerializeDeserializeRoundTrip","","Sun Oct 04 14:34:11 UTC 2026","passed","Sun Oct 04 14:34:11 UTC 2026","","StaticAllocIntegrationTest","StaticAllocIntegrationTest",""
"","0","ManagerResourceExhausted","","Sun Oct 04 14:37:35 UTC 2026","passed","Sun Oct 04 14:37:35 UTC 2026","","TpTest","TpTest",""
"","0","DefaultConstructor","","Sun Oct 04 14:37:11 UTC 2026","passed","Sun Oct 04 14:37:11 UTC 2026","","MessageTest","MessageTest",""
"","","crc_dispatch_type1","","","passed","","","test_core","test_core",""
"","1201","StalledPeerDoesNotBlockOtherPeers","","Sun Oct 04 14:37:25 UTC 2026","passed","Sun Oct 04 14:37:26 UTC 2026","","TcpTransportTest","TcpTransportTest",""
"","0","IPv4AddressConversion","","Sun Oct 04 14:37:11 UTC 2026","passed","Sun Oct 04 14:37:11 UTC 2026","","SdTest","SdTest",""
"","","tp_stats_messages_segmented","","","passed","","","test_core","test_core",""
"","","crc8_deterministic","","","passed","","","test_core","test_core",""
"","1500","CleanupExpiredSubscriptions","","Sun Oct 04 14:37:19 UTC 2026","passed","Sun Oct 04 14:37:21 UTC 2026","","EventsSubscriptionTTLTest","EventsSubscriptionTTLTest",""
"","","serialize_min_size","","","passed","","","test_core","test_core",""
"","0","EqualityOperator","","Sun Oct 04 14:37:11 UTC 2026","passed","Sun Oct 04 14:37:11 UTC 2026","","EndpointTest","EndpointTest",""
"","","tp_stats_segment_ok","","","passed","","","test_core","test_core",""
"","0","MulticastAddressValidation","","Sun Oct 04 14:37:34 UTC 2026","passed","Sun Oct 04 14:37:34 UTC 2026","","UdpTransportTest","UdpTransportTest",""
"","0","IPv4EndpointOptionSerializesAddressNBO","","Sun Oct 04 14:37:11 UTC 2026","passed","Sun Oct 04 14:37:11 UTC 2026","","SdTest","SdTest",""
"","0","CreateSession","","Sun Oct 04 14:37:11 UTC 2026","passed","Sun Oct 04 14:37:11 UTC 2026","","SessionManagerTest","SessionManagerTest",""
"","0","InitializationWithDefaultConfig","","Sun Oct 04 14:37:34 UTC 2026","passed","Sun Oct 04 14:37:34 UTC 2026","","UdpTransportTest","UdpTransportTest",""
"","0","FailOnceThenSucceedReachesJoined","","Sun Oct 04 14:37:35 UTC 2026","passed","Sun Oct 04 14:37:35 UTC 2026","","MulticastMembershipTest","MulticastMembershipTest",""
"","0","InitializePropagatesOpenFailure","","Sun Oct 04 14:37:35 UTC 2026","passed","Sun Oct 04 14:37:35 UTC 2026","","EventDrivenTcpTransport","EventDrivenTcpTransport",""
"","100","CleanupMixedSessions","","Sun Oct 04 14:37:11 UTC 2026","passed","Sun Oct 04 14:37:11 UTC 2026","","SessionManagerTest","SessionManagerTest",""
"","0","IsMagicCookieDetection","","Sun Oct 04 14:37:25 UTC 2026","passed","Sun Oct 04 14:37:25 UTC 2026","","TcpTransportTest","TcpTransportTest",""
"","0","HeaderSize","","Sun Oct 04 14:37:35 UTC 2026","passed","Sun Oct 04 14:37:35 UTC 2026","","E2ETest","E2ETest",""
"@tests feat_req_someip_761, REQ_MSG_056, REQ_MSG_060_TP","0","test_two_segment_tp_request_wire_layout","integration","Sun Oct 04 14:34:34 UTC 2026","passed","Sun Oct 04 14:34:34 UTC 2026","","test_tp_udp_integration","",""
"","0","TryDeserializeE2EDefaultLayout","","Sun Oct 04 14:37:11 UTC 2026","passed","Sun Oct 04 14:37:11 UTC 2026","","MessageTest","MessageTest",""
"","0","ToString_UDP","","Sun Oct 04 14:37:11 UTC 2026","passed","Sun Oct 04 14:37:11 UTC 2026","","EndpointTest","EndpointTest",""
"","3519","test_echo_invalid_message","","Sun Oct 04 14:34:18 UTC 2026","passed","Sun Oct 04 14:34:21 UTC 2026","","pytest","integration.test_echo_integration",""
"","0","QueueFIFO","","Sun Oct 04 14:34:11 UTC 2026","passed","Sun Oct 04 14:34:11 UTC 2026","","ContainerTest","ContainerTest",""
"","0","DeserializeEmptyBuffer","","Sun Oct 04 14:37:11 UTC 2026","passed","Sun Oct 04 14:37:11 UTC 2026","","SdTest","SdTest",""
"","0","MulticastBeforeStart","","Sun Oct 04 14:37:35 UTC 2026","passed","Sun Oct 04 14:37:35 UTC 2026","","EventDrivenUdpTransport","EventDrivenUdpTransport",""
"","0","ForeignPtrReleaseIsSafe","","Sun Oct 04 14:34:11 UTC 2026","passed","Sun Oct 04 14:34:11 UTC 2026","","MessagePoolTest","MessagePoolTest",""
"","0","RoundTrip32","","Sun Oct 04 14:37:11 UTC 2026","passed","Sun Oct 04 14:37:11 UTC 2026","","ByteOrderTest","ByteOrderTest",""
"","0","UnlockReleasesOwnership","","Sun Oct 04 14:37:10 UTC 2026","passed","Sun Oct 04 14:37:10 UTC 2026","","MutexConformance","MutexConformance",""
"","0","AllocateReturnsUsable","","Sun Oct 04 14:37:10 UTC 2026","passed","Sun Oct 04 14:37:10 UTC 2026","","MemoryConformance","MemoryConformance",""
"","0","EventSubscriberConstructDestroyUnderTrap","","Sun Oct 04 14:34:11 UTC 2026","passed","Sun Oct 04 14:34:11 UTC 2026","","StaticAllocIntegrationTest","StaticAllocIntegrationTest",""
"","0","DeserializerAlign","","Sun Oct 04 14:37:11 UTC 2026","passed","Sun Oct 04 14:37:11 UTC 2026","","SerializationTest","SerializationTest",""
"","0","EventFilterComplex","","Sun Oct 04 14:37:18 UTC 2026","passed","Sun Oct 04 14:37:18 UTC 2026","","EventsTest","EventsTest",""
"","1200","ResubscribeRefreshesTTL","","Sun Oct 04 14:37:19 UTC 2026","passed","Sun Oct 04 14:37:21 UTC 2026","","EventsSubscriptionTTLTest","EventsSubscriptionTTLTest",""
"Optional: hello-world server still answers REQUEST with IV=0x02.

    @tests REQ_MSG_041
    @tests feat_req_someip_92
    ","2512","test_live_interface_version_two_if_server_present","integration","Sun Oct 04 14:34:32 UTC 2026","passed","Sun Oct 04 14:34:34 UTC 2026","","test_rpc_spec_integration","",""
"","0","SingleMessageValidAccepted","","Sun Oct 04 14:37:35 UTC 2026","passed","Sun Oct 04 14:37:35 UTC 2026","","TpTest","TpTest",""
"","0","MulticastOptionDeserializeTruncated","","Sun Oct 04 14:37:11 UTC 2026","passed","Sun Oct 04 14:37:11 UTC 2026","","SdTest","SdTest",""
"","0","IPv4_MCDC_D1_NormalLength","","Sun Oct 04 14:37:11 UTC 2026","passed","Sun Oct 04 14:37:11 UTC 2026","","EndpointTest","EndpointTest",""
"","0","ExhaustTier0","","Sun Oct 04 14:34:11 UTC 2026","passed","Sun Oct 04 14:34:11 UTC 2026","","BufferPoolTest","BufferPoolTest",""
"","0","SerializeDeserializeString","","Sun Oct 04 14:37:11 UTC 2026","passed","Sun Oct 04 14:37:11 UTC 2026","","SerializationTest","SerializationTest",""
"","0","CRC_OverflowGuard","","Sun Oct 04 14:37:35 UTC 2026","passed","Sun Oct 04 14:37:35 UTC 2026","","E2ETest","E2ETest",""
"","0","IPv4EndpointOptionSerialization","","Sun Oct 04 14:37:11 UTC 2026","passed","Sun Oct 04 14:37:11 UTC 2026","","SdTest","SdTest",""
"","0","CRC_OutOfBoundsRange","","Sun Oct 04 14:37:35 UTC 2026","passed","Sun Oct 04 14:37:35 UTC 2026","","E2ETest","E2ETest",""
"","","get_port","","","passed","","","test_core","test_core",""
"","0","SerializeDeserializeUint8Array","","Sun Oct 04 14:37:11 UTC 2026","passed","Sun Oct 04 14:37:11 UTC 2026","","SerializationTest","SerializationTest",""
"","0","MulticastSupport","","Sun Oct 04 14:37:34 UTC 2026","passed","Sun Oct 04 14:37:34 UTC 2026","","UdpTransportTest","UdpTransportTest",""
"","0","CleanupExpiredSessions","","Sun Oct 04 14:37:11 UTC 2026","passed","Sun Oct 04 14:37:11 UTC 2026","","SessionManagerTest","SessionManagerTest",""
"","0","MessageWithoutE2E","","Sun Oct 04 14:37:35 UTC 2026","passed","Sun Oct 04 14:37:35 UTC 2026","","E2ETest","E2ETest",""
"","0","CopyConstruct","","Sun Oct 04 14:34:11 UTC 2026","passed","Sun Oct 04 14:34:11 UTC 2026","","ByteBufferTest","ByteBufferTest",""
"
    Test complete request/response flow: client -> server -> client.

    @tests REQ_TRANSPORT_001a, REQ_TRANSPORT_001b, REQ_TRANSPORT_001c
    @tests REQ_TRANSPORT_004a, REQ_TRANSPORT_004b, REQ_TRANSPORT_004c, REQ_TRANSPORT_004d
    @tests REQ_ARCH_001
    @tests feat_req_someip_538
    @tests feat_req_someip_800
    ","2512","test_echo_message_flow","integration","Sun Oct 04 14:34:18 UTC 2026","passed","Sun Oct 04 14:34:21 UTC 2026","","test_echo_integration","",""
"","0","SerializeDeserializeInt16","","Sun Oct 04 14:37:11 UTC 2026","passed","Sun Oct 04 14:37:11 UTC 2026","","SerializationTest","SerializationTest",""
"","0","IPv6_MCDC_D1_Empty","","Sun Oct 04 14:37:11 UTC 2026","passed","Sun Oct 04 14:37:11 UTC 2026","","EndpointTest","EndpointTest",""
"","0","MulticastJoinFailurePropagates","","Sun Oct 04 14:37:35 UTC 2026","passed","Sun Oct 04 14:37:35 UTC 2026","","EventDrivenUdpTransport","EventDrivenUdpTransport",""
"","0","NonCopyable","","Sun Oct 04 14:37:10 UTC 2026","passed","Sun Oct 04 14:37:10 UTC 2026","","ScopedLockConformance","ScopedLockConformance",""
"","100","UdpLoopbackSendReceive","","Sun Oct 04 14:37:10 UTC 2026","passed","Sun Oct 04 14:37:11 UTC 2026","","CapiIntegration","CapiIntegration",""
"","0","SerializeDeserializeUint8","","Sun Oct 04 14:37:11 UTC 2026","passed","Sun Oct 04 14:37:11 UTC 2026","","SerializationTest","SerializationTest",""
"","0","MinorVersionPreservedThroughOfferPath","","Sun Oct 04 14:37:11 UTC 2026","passed","Sun Oct 04 14:37:11 UTC 2026","","SdTest","SdTest",""
"","0","ConnectCallbackNotifiesListener","","Sun Oct 04 14:37:35 UTC 2026","passed","Sun Oct 04 14:37:35 UTC 2026","","EventDrivenTcpTransport","EventDrivenTcpTransport",""
"","","tp_stats_manager_init","","","passed","","","test_core","test_core",""
"","1","test_tp_flag_is_bit_0x20_including_response_and_error","","Sun Oct 04 14:34:18 UTC 2026","passed","Sun Oct 04 14:34:18 UTC 2026","","pytest","integration.test_tp_udp_integration",""
"","0","AcquireOversized","","Sun Oct 04 14:34:11 UTC 2026","passed","Sun Oct 04 14:34:11 UTC 2026","","BufferPoolTest","BufferPoolTest",""
"","13","test_concurrent_protected_messages","","Sun Oct 04 14:34:18 UTC 2026","passed","Sun Oct 04 14:34:18 UTC 2026","","pytest","system.test_e2e_system.E2ESystemTest",""
"","10","PollingModeWithoutListenerWorks","","Sun Oct 04 14:37:34 UTC 2026","passed","Sun Oct 04 14:37:34 UTC 2026","","UdpTransportTest","UdpTransportTest",""
"","0","ReassemblyProgressCountsBytes","","Sun Oct 04 14:37:35 UTC 2026","passed","Sun Oct 04 14:37:35 UTC 2026","","TpTest","TpTest",""
"","","e2e_max_crc","","","passed","","","test_core","test_core",""
"","","e2e_header_data_id_match","","","passed","","","test_core","test_core",""
"","","tp_multiple_segments","","","passed","","","test_core","test_core",""
"","2","ThreadXCoreTest","","Sun Oct 04 14:34:08 UTC 2026","passed","Sun Oct 04 14:34:08 UTC 2026","","(empty)","ThreadXCoreTest",""
"","0","MalformedOptionIndex","","Sun Oct 04 14:37:11 UTC 2026","passed","Sun Oct 04 14:37:11 UTC 2026","","SdTest","SdTest",""
"","","e2e_no_header_fails","","","passed","","","test_core","test_core",""
"","0","IsValid_MCDC_IPv4FalseIPv6True","","Sun Oct 04 14:37:11 UTC 2026","passed","Sun Oct 04 14:37:11 UTC 2026","","EndpointTest","EndpointTest",""
"","0","CreateAndDestroy","","Sun Oct 04 14:37:10 UTC 2026","passed","Sun Oct 04 14:37:10 UTC 2026","","CapiTcpTransport","CapiTcpTransport",""
"","","default_message_type","","","passed","","","test_core","test_core",""
"","0","SendForwardsToAdapter","","Sun Oct 04 14:37:35 UTC 2026","passed","Sun Oct 04 14:37:35 UTC 2026","","EventDrivenTcpTransport","EventDrivenTcpTransport",""
"","0","PayloadViewBasic","","Sun Oct 04 14:37:11 UTC 2026","passed","Sun Oct 04 14:37:11 UTC 2026","","MessageTest","MessageTest",""
"","0","Initialization","","Sun Oct 04 14:37:25 UTC 2026","passed","Sun Oct 04 14:37:25 UTC 2026","","TcpTransportTest","TcpTransportTest",""
"","0","PortConversion","","Sun Oct 04 14:37:11 UTC 2026","passed","Sun Oct 04 14:37:11 UTC 2026","","SdTest","SdTest",""
"","0","ReassemblyCompositeKey","","Sun Oct 04 14:37:35 UTC 2026","passed","Sun Oct 04 14:37:35 UTC 2026","","TpTest","TpTest",""
"","0","ReservedInstanceIdRejection","","Sun Oct 04 14:37:11 UTC 2026","passed","Sun Oct 04 14:37:11 UTC 2026","","MessageTest","MessageTest",""
"","0","TpFlagBitIncludesResponseAndError","","Sun Oct 04 14:37:35 UTC 2026","passed","Sun Oct 04 14:37:35 UTC 2026","","TpTest","TpTest",""
"","0","GettersRejectNullOut","","Sun Oct 04 14:37:10 UTC 2026","passed","Sun Oct 04 14:37:10 UTC 2026","","CapiMessage","CapiMessage",""
"","3","test_someip_message_format_compliance","","Sun Oct 04 14:34:18 UTC 2026","passed","Sun Oct 04 14:34:18 UTC 2026","","pytest","system.test_full_stack_integration",""
"","0","GetSession_InvalidId","","Sun Oct 04 14:37:11 UTC 2026","passed","Sun Oct 04 14:37:11 UTC 2026","","SessionManagerTest","SessionManagerTest",""
"","0","IPv6_Regression_LeadingColonNotPartOfCompression","","Sun Oct 04 14:37:11 UTC 2026","passed","Sun Oct 04 14:37:11 UTC 2026","","EndpointTest","EndpointTest",""
"
    SubscribeEventgroup uses entry type 0x06 and is transported unicast-only.

    The destination of Subscribe/StopSubscribe/Ack/Nack is the offering ECU
    SD unicast address (Offer datagram source), never the SD multicast group.

    @test_case TC_SD_PY_818
    @tests REQ_SD_818, REQ_SD_119, feat_req_someipsd_818
    ","0","test_subscribe_eventgroup_is_type_06_unicast_only","integration","Sun Oct 04 14:34:34 UTC 2026","passed","Sun Oct 04 14:34:34 UTC 2026","","test_sd_spec_integration","",""
"","","is_ipv4","","","passed","","","test_core","test_core",""
"","0","CreateAndDestroy","","Sun Oct 04 14:37:10 UTC 2026","passed","Sun Oct 04 14:37:10 UTC 2026","","CapiUdpTransport","CapiUdpTransport",""
"","0","ServiceEntry","","Sun Oct 04 14:37:11 UTC 2026","passed","Sun Oct 04 14:37:11 UTC 2026","","SdTest","SdTest",""
"","0","Clear","","Sun Oct 04 14:34:11 UTC 2026","passed","Sun Oct 04 14:34:11 UTC 2026","","ByteBufferTest","ByteBufferTest",""
"","0","MulticastJoinFailureIsReportedWithDiagnostics","","Sun Oct 04 14:37:34 UTC 2026","passed","Sun Oct 04 14:37:34 UTC 2026","","UdpTransportTest","UdpTransportTest",""
"","0","NonCopyable","","Sun Oct 04 14:37:10 UTC 2026","passed","Sun Oct 04 14:37:10 UTC 2026","","ThreadConformance","ThreadConformance",""
"","0","NullHandleReturnsError","","Sun Oct 04 14:37:10 UTC 2026","passed","Sun Oct 04 14:37:10 UTC 2026","","CapiTp","CapiTp",""
"","2","BufferPoolTest","","Sun Oct 04 14:34:09 UTC 2026","passed","Sun Oct 04 14:34:09 UTC 2026","","(empty)","BufferPoolTest",""
"","0","AcquireLargeBuffer","","Sun Oct 04 14:34:11 UTC 2026","passed","Sun Oct 04 14:34:11 UTC 2026","","BufferPoolTest","BufferPoolTest",""
"","","e2e_max_roundtrip","","","passed","","","test_core","test_core",""
"","20","CallerRetainsMutexOwnershipAfterWait","","Sun Oct 04 14:37:11 UTC 2026","passed","Sun Oct 04 14:37:11 UTC 2026","","ConditionVariableTest","ConditionVariableTest",""
"","0","AllSegmentsHaveFullSomeIpHeader","","Sun Oct 04 14:37:35 UTC 2026","passed","Sun Oct 04 14:37:35 UTC 2026","","TpTest","TpTest",""
"","","first_id_nonzero","","","passed","","","test_core","test_core",""
"","0","SerializeDeserializeStringArray","","Sun Oct 04 14:37:11 UTC 2026","passed","Sun Oct 04 14:37:11 UTC 2026","","SerializationTest","SerializationTest",""
"","0","RpcClientServerCreateDestroy","","Sun Oct 04 14:37:11 UTC 2026","passed","Sun Oct 04 14:37:11 UTC 2026","","CapiIntegration","CapiIntegration",""
"","0","ParseMultipleMessagesInBuffer","","Sun Oct 04 14:37:25 UTC 2026","passed","Sun Oct 04 14:37:25 UTC 2026","","TcpTransportTest","TcpTransportTest",""
"","","tp_large_needs_segmentation","","","passed","","","test_core","test_core",""
"","","tp_reassembly_size","","","passed","","","test_core","test_core",""
"","0","Hash_ConsistentForSameEndpoint","","Sun Oct 04 14:37:11 UTC 2026","passed","Sun Oct 04 14:37:11 UTC 2026","","EndpointTest","EndpointTest",""
"","","boundary_min_u32","","","passed","","","test_core","test_core",""
"","0","SameClientMultipleSessions","","Sun Oct 04 14:37:11 UTC 2026","passed","Sun Oct 04 14:37:11 UTC 2026","","SessionManagerTest","SessionManagerTest",""
"","0","ServiceEntryMinorVersion32Bit","","Sun Oct 04 14:37:11 UTC 2026","passed","Sun Oct 04 14:37:11 UTC 2026","","SdTest","SdTest",""
"","0","LessThanOperator_ProtocolOrdering","","Sun Oct 04 14:37:11 UTC 2026","passed","Sun Oct 04 14:37:11 UTC 2026","","EndpointTest","EndpointTest",""
"","0","DefaultConfigProfileNameMatchesRegistered","","Sun Oct 04 14:37:35 UTC 2026","passed","Sun Oct 04 14:37:35 UTC 2026","","E2ETest","E2ETest",""
"","0","PayloadGetUndersizedBuffer","","Sun Oct 04 14:37:10 UTC 2026","passed","Sun Oct 04 14:37:10 UTC 2026","","CapiMessage","CapiMessage",""
"","","e2e_crc_type2_roundtrip","","","passed","","","test_core","test_core",""
"","0","ReliabilityTypes","","Sun Oct 04 14:37:18 UTC 2026","passed","Sun Oct 04 14:37:18 UTC 2026","","EventsTest","EventsTest",""
"","0","PayloadViewSubview","","Sun Oct 04 14:37:11 UTC 2026","passed","Sun Oct 04 14:37:11 UTC 2026","","MessageTest","MessageTest",""
"","0","MultipleOverflowsNoAbort","","Sun Oct 04 14:34:11 UTC 2026","passed","Sun Oct 04 14:34:11 UTC 2026","","EtlErrorHandlerTest","EtlErrorHandlerTest",""
"","0","ClientGetAvailableServicesEmpty","","Sun Oct 04 14:37:12 UTC 2026","passed","Sun Oct 04 14:37:12 UTC 2026","","SdIntegrationTest","SdIntegrationTest",""
"","702","MulticastSubscribeDoesNotProduceAck","","Sun Oct 04 14:37:12 UTC 2026","passed","Sun Oct 04 14:37:13 UTC 2026","","SdIntegrationTest","SdIntegrationTest",""
"","0","SessionCount","","Sun Oct 04 14:37:11 UTC 2026","passed","Sun Oct 04 14:37:11 UTC 2026","","SessionManagerTest","SessionManagerTest",""
"","","e2e_corrupt_setup_protect_success","","","passed","","","test_core","test_core",""
"","0","UpdateActivity_InvalidId","","Sun Oct 04 14:37:11 UTC 2026","passed","Sun Oct 04 14:37:11 UTC 2026","","SessionManagerTest","SessionManagerTest",""
"","","boundary_max_u32","","","passed","","","test_core","test_core",""
"","0","DynamicArrayLengthOverflow","","Sun Oct 04 14:37:11 UTC 2026","passed","Sun Oct 04 14:37:11 UTC 2026","","SerializationTest","SerializationTest",""
"","124","SessionManagerTest","","Sun Oct 04 14:37:09 UTC 2026","passed","Sun Oct 04 14:37:09 UTC 2026","","(empty)","SessionManagerTest",""
"","0","ServerMagicCookieIsSkipped","","Sun Oct 04 14:37:35 UTC 2026","passed","Sun Oct 04 14:37:35 UTC 2026","","EventDrivenTcpTransport","EventDrivenTcpTransport",""
"","","e2e_corrupt_setup_header_present","","","passed","","","test_core","test_core",""
"","0","Reserve","","Sun Oct 04 14:34:11 UTC 2026","passed","Sun Oct 04 14:34:11 UTC 2026","","ByteBufferTest","ByteBufferTest",""
"","0","LengthValidationBoundary","","Sun Oct 04 14:37:11 UTC 2026","passed","Sun Oct 04 14:37:11 UTC 2026","","MessageTest","MessageTest",""
"","242","ExplicitDestinationReceivesApplicationSend","","Sun Oct 04 14:37:18 UTC 2026","passed","Sun Oct 04 14:37:18 UTC 2026","","EventsTest","EventsTest",""
"","0","ClientInitializeFailsClosedOnMulticastJoinFailure","","Sun Oct 04 14:37:11 UTC 2026","passed","Sun Oct 04 14:37:11 UTC 2026","","SdTest","SdTest",""
"","0","MaxTpReassemblySizeIsAtLeast16","","Sun Oct 04 14:37:35 UTC 2026","passed","Sun Oct 04 14:37:35 UTC 2026","","TpTest","TpTest",""
"","0","VerifyBigEndianUint32","","Sun Oct 04 14:37:11 UTC 2026","passed","Sun Oct 04 14:37:11 UTC 2026","","SerializationTest","SerializationTest",""
"","","e2e_crc_type0_roundtrip","","","passed","","","test_core","test_core",""
"","0","MoveConstructor","","Sun Oct 04 14:37:11 UTC 2026","passed","Sun Oct 04 14:37:11 UTC 2026","","EndpointTest","EndpointTest",""
"","0","LengthValidation","","Sun Oct 04 14:37:11 UTC 2026","passed","Sun Oct 04 14:37:11 UTC 2026","","MessageTest","MessageTest",""
"","0","Uint8RoundTrip","","Sun Oct 04 14:37:10 UTC 2026","passed","Sun Oct 04 14:37:10 UTC 2026","","CapiSerializer","CapiSerializer",""
"","500","StopOfferUsesTtlZero","","Sun Oct 04 14:37:12 UTC 2026","passed","Sun Oct 04 14:37:13 UTC 2026","","SdIntegrationTest","SdIntegrationTest",""
"","0","PushBack","","Sun Oct 04 14:34:11 UTC 2026","passed","Sun Oct 04 14:34:11 UTC 2026","","ByteBufferTest","ByteBufferTest",""
"","50","MinimumDuration","","Sun Oct 04 14:37:10 UTC 2026","passed","Sun Oct 04 14:37:10 UTC 2026","","SleepForConformance","SleepForConformance",""
"","0","ValidateMessage","","Sun Oct 04 14:37:35 UTC 2026","passed","Sun Oct 04 14:37:35 UTC 2026","","E2ETest","E2ETest",""
"","5","EndpointTest","","Sun Oct 04 14:37:09 UTC 2026","passed","Sun Oct 04 14:37:09 UTC 2026","","(empty)","EndpointTest",""
"","0","Reset","","Sun Oct 04 14:34:11 UTC 2026","passed","Sun Oct 04 14:34:11 UTC 2026","","IntrusivePtrTest","IntrusivePtrTest",""
"","0","FieldInitializationSafety","","Sun Oct 04 14:37:11 UTC 2026","passed","Sun Oct 04 14:37:11 UTC 2026","","SdTest","SdTest",""
"","0","MoveAssignmentSelfAssignment","","Sun Oct 04 14:37:11 UTC 2026","passed","Sun Oct 04 14:37:11 UTC 2026","","EndpointTest","EndpointTest",""
"","0","IPv6_MCDC_D6_GroupTooLong","","Sun Oct 04 14:37:11 UTC 2026","passed","Sun Oct 04 14:37:11 UTC 2026","","EndpointTest","EndpointTest",""
"","","tp_invalid_segment_rejected","","","passed","","","test_core","test_core",""
"","","tp_manager_init","","","passed","","","test_core","test_core",""
"","0","ConfigurationValidation","","Sun Oct 04 14:37:25 UTC 2026","passed","Sun Oct 04 14:37:25 UTC 2026","","TcpTransportTest","TcpTransportTest",""
"","0","IPv6EndpointOptionRoundTrip","","Sun Oct 04 14:37:11 UTC 2026","passed","Sun Oct 04 14:37:11 UTC 2026","","SdTest","SdTest",""
"","0","NullHandleReturnsError","","Sun Oct 04 14:37:10 UTC 2026","passed","Sun Oct 04 14:37:10 UTC 2026","","CapiTcpTransport","CapiTcpTransport",""
"","","client_id","","","passed","","","test_core","test_core",""
"","0","RpcClientConstructDestroyUnderTrap","","Sun Oct 04 14:34:11 UTC 2026","passed","Sun Oct 04 14:34:11 UTC 2026","","StaticAllocIntegrationTest","StaticAllocIntegrationTest",""
"","2","StaticMessagePoolTest","","Sun Oct 04 14:34:09 UTC 2026","passed","Sun Oct 04 14:34:09 UTC 2026","","(empty)","StaticMessagePoolTest",""
"","0","HeaderFieldsPreservedAcrossWire","","Sun Oct 04 14:37:35 UTC 2026","passed","Sun Oct 04 14:37:35 UTC 2026","","E2ETest","E2ETest",""
"","0","RpcServerConstructDestroyUnderTrap","","Sun Oct 04 14:34:11 UTC 2026","passed","Sun Oct 04 14:34:11 UTC 2026","","StaticAllocIntegrationTest","StaticAllocIntegrationTest",""
"","0","Multicast_AboveRange","","Sun Oct 04 14:37:11 UTC 2026","passed","Sun Oct 04 14:37:11 UTC 2026","","EndpointTest","EndpointTest",""
"","50","StopClearsCallbacks","","Sun Oct 04 14:37:35 UTC 2026","passed","Sun Oct 04 14:37:35 UTC 2026","","EventDrivenTcpTransport","EventDrivenTcpTransport",""
"","0","ProtectValidateViaNameLookup","","Sun Oct 04 14:37:35 UTC 2026","passed","Sun Oct 04 14:37:35 UTC 2026","","E2ETest","E2ETest",""
"","200","ListenerCallingDisconnectDoesNotDeadlock","","Sun Oct 04 14:37:25 UTC 2026","passed","Sun Oct 04 14:37:25 UTC 2026","","TcpTransportTest","TcpTransportTest",""
"","200","ModeSwitchPollingToListenerAndBack","","Sun Oct 04 14:37:25 UTC 2026","passed","Sun Oct 04 14:37:25 UTC 2026","","TcpTransportTest","TcpTransportTest",""
"","0","GetDataUndersizedBuffer","","Sun Oct 04 14:37:10 UTC 2026","passed","Sun Oct 04 14:37:10 UTC 2026","","CapiSerializer","CapiSerializer",""
"","","roundtrip_payload","","","passed","","","test_core","test_core",""
"","0","IPv6_MaxGroupsWithCompression","","Sun Oct 04 14:37:11 UTC 2026","passed","Sun Oct 04 14:37:11 UTC 2026","","EndpointTest","EndpointTest",""
"","","subscribe_with_ttl_stored","","","passed","","","test_events","test_events",""
"","0","ConcatenatedBurstEnqueuedWithoutListener","","Sun Oct 04 14:37:35 UTC 2026","passed","Sun Oct 04 14:37:35 UTC 2026","","EventDrivenTcpTransport","EventDrivenTcpTransport",""
"","0","SingleMessageSegmentLengthSmallerThanPayloadRejected","","Sun Oct 04 14:37:35 UTC 2026","passed","Sun Oct 04 14:37:35 UTC 2026","","TpTest","TpTest",""
"","0","SizeValueConstruct","","Sun Oct 04 14:34:11 UTC 2026","passed","Sun Oct 04 14:34:11 UTC 2026","","ByteBufferTest","ByteBufferTest",""
"","0","Subscription","","Sun Oct 04 14:37:11 UTC 2026","passed","Sun Oct 04 14:37:11 UTC 2026","","SdTest","SdTest",""
"","0","HeaderDeserialize_WithOffset","","Sun Oct 04 14:37:35 UTC 2026","passed","Sun Oct 04 14:37:35 UTC 2026","","E2ETest","E2ETest",""
"","0","ReusePortConfiguration","","Sun Oct 04 14:37:34 UTC 2026","passed","Sun Oct 04 14:37:34 UTC 2026","","UdpTransportTest","UdpTransportTest",""
"","0","SignedIntegerOverflow","","Sun Oct 04 14:37:11 UTC 2026","passed","Sun Oct 04 14:37:11 UTC 2026","","SerializationTest","SerializationTest",""
"","0","CancelAndAcknowledgeInvalid","","Sun Oct 04 14:37:35 UTC 2026","passed","Sun Oct 04 14:37:35 UTC 2026","","TpTest","TpTest",""
"","0","ExtractHeader","","Sun Oct 04 14:37:35 UTC 2026","passed","Sun Oct 04 14:37:35 UTC 2026","","E2ETest","E2ETest",""
"","","send_message","","","passed","","","test_transport","test_transport",""
"","0","MessageExceedsMtu","","Sun Oct 04 14:37:34 UTC 2026","passed","Sun Oct 04 14:37:34 UTC 2026","","UdpTransportTest","UdpTransportTest",""
"","0","UndersizedFirstSegmentRejected","","Sun Oct 04 14:37:35 UTC 2026","passed","Sun Oct 04 14:37:35 UTC 2026","","TpTest","TpTest",""
"","0","SessionIdGeneration_NeverZero","","Sun Oct 04 14:37:11 UTC 2026","passed","Sun Oct 04 14:37:11 UTC 2026","","SessionManagerTest","SessionManagerTest",""
"","0","RpcTimeoutConfiguration","","Sun Oct 04 14:37:11 UTC 2026","passed","Sun Oct 04 14:37:11 UTC 2026","","RpcTest","RpcTest",""
"","0","SerializeDeserializeUint32","","Sun Oct 04 14:37:11 UTC 2026","passed","Sun Oct 04 14:37:11 UTC 2026","","SerializationTest","SerializationTest",""
"","0","TruncatedBufferDeserialization","","Sun Oct 04 14:37:11 UTC 2026","passed","Sun Oct 04 14:37:11 UTC 2026","","MessageTest","MessageTest",""
"","200","ListenerOnlyDoesNotRetainQueueMessages","","Sun Oct 04 14:37:25 UTC 2026","passed","Sun Oct 04 14:37:25 UTC 2026","","TcpTransportTest","TcpTransportTest",""
"","","e2e_header_serialize_size","","","passed","","","test_core","test_core",""
"","0","BytesWriteRead","","Sun Oct 04 14:37:10 UTC 2026","passed","Sun Oct 04 14:37:10 UTC 2026","","CapiSerializer","CapiSerializer",""
"","0","MulticastTTLConfiguration","","Sun Oct 04 14:37:34 UTC 2026","passed","Sun Oct 04 14:37:34 UTC 2026","","UdpTransportTest","UdpTransportTest",""
"","0","WrongDataID","","Sun Oct 04 14:37:35 UTC 2026","passed","Sun Oct 04 14:37:35 UTC 2026","","E2ETest","E2ETest",""
"","495","test_pal_freertos_mock","","Sun Oct 04 14:37:09 UTC 2026","passed","Sun Oct 04 14:37:09 UTC 2026","","(empty)","test_pal_freertos_mock",""
"","0","PlacementFailurePreservesBuffer","","Sun Oct 04 14:37:35 UTC 2026","passed","Sun Oct 04 14:37:35 UTC 2026","","TpTest","TpTest",""
"","","server_start","","","passed","","","test_transport","test_transport",""
"","0","TTLZeroMeansStopSubscribe","","Sun Oct 04 14:37:19 UTC 2026","passed","Sun Oct 04 14:37:19 UTC 2026","","EventsSubscriptionTTLTest","EventsSubscriptionTTLTest",""
"","0","RepetitionIntervalExponentialThenCyclic","","Sun Oct 04 14:37:11 UTC 2026","passed","Sun Oct 04 14:37:11 UTC 2026","","SdTest","SdTest",""
"","","crc8_empty_init_value","","","passed","","","test_core","test_core",""
"","136","PlatformThreadingTest","","Sun Oct 04 14:37:09 UTC 2026","passed","Sun Oct 04 14:37:09 UTC 2026","","(empty)","PlatformThreadingTest",""
"","0","SessionParameterizedConstruction","","Sun Oct 04 14:37:11 UTC 2026","passed","Sun Oct 04 14:37:11 UTC 2026","","SessionManagerTest","SessionManagerTest",""
"","0","SessionIdIncrements","","Sun Oct 04 14:37:11 UTC 2026","passed","Sun Oct 04 14:37:11 UTC 2026","","SdTest","SdTest",""
"","20","ZephyrAPIContractCompilable","","Sun Oct 04 14:37:11 UTC 2026","passed","Sun Oct 04 14:37:11 UTC 2026","","ConditionVariableTest","ConditionVariableTest",""
"","0","ConfigurationBoundaryValues","","Sun Oct 04 14:37:25 UTC 2026","passed","Sun Oct 04 14:37:25 UTC 2026","","TcpTransportTest","TcpTransportTest",""
"","0","IPv6_MCDC_D1_TooLong","","Sun Oct 04 14:37:11 UTC 2026","passed","Sun Oct 04 14:37:11 UTC 2026","","EndpointTest","EndpointTest",""
"","","e2e_short_buffer_fails","","","passed","","","test_core","test_core",""
"","0","IPv4_MCDC_D5_TooFewOctets","","Sun Oct 04 14:37:11 UTC 2026","passed","Sun Oct 04 14:37:11 UTC 2026","","EndpointTest","EndpointTest",""
"","0","InvalidSegmentHandling","","Sun Oct 04 14:37:35 UTC 2026","passed","Sun Oct 04 14:37:35 UTC 2026","","TpTest","TpTest",""
"","0","MessageReassembly","","Sun Oct 04 14:37:35 UTC 2026","passed","Sun Oct 04 14:37:35 UTC 2026","","TpTest","TpTest",""
"","0","E2eProtectedMessageRejected","","Sun Oct 04 14:37:35 UTC 2026","passed","Sun Oct 04 14:37:35 UTC 2026","","TpTest","TpTest",""
"","0","InitializationWithCustomConfig","","Sun Oct 04 14:37:34 UTC 2026","passed","Sun Oct 04 14:37:34 UTC 2026","","UdpTransportTest","UdpTransportTest",""
"","0","SdMessageSessionIdAccessor","","Sun Oct 04 14:37:11 UTC 2026","passed","Sun Oct 04 14:37:11 UTC 2026","","SdTest","SdTest",""
"","0","IncompleteTrailingFrameLeftForNextCallback","","Sun Oct 04 14:37:35 UTC 2026","passed","Sun Oct 04 14:37:35 UTC 2026","","EventDrivenTcpTransport","EventDrivenTcpTransport",""
"","0","CRC_AllTypeBranches","","Sun Oct 04 14:37:35 UTC 2026","passed","Sun Oct 04 14:37:35 UTC 2026","","E2ETest","E2ETest",""
"","0","EventNotificationConstruction","","Sun Oct 04 14:37:18 UTC 2026","passed","Sun Oct 04 14:37:18 UTC 2026","","EventsTest","EventsTest",""
"","0","StringNoUnconditionalPadding","","Sun Oct 04 14:37:11 UTC 2026","passed","Sun Oct 04 14:37:11 UTC 2026","","SerializationTest","SerializationTest",""
"","4","CapiRpcRoundtripTest","","Sun Oct 04 14:37:09 UTC 2026","passed","Sun Oct 04 14:37:09 UTC 2026","","(empty)","CapiRpcRoundtripTest",""
"","0","CreateAndDestroy","","Sun Oct 04 14:37:10 UTC 2026","passed","Sun Oct 04 14:37:10 UTC 2026","","CapiSdServer","CapiSdServer",""
"","0","ServerReportsJoinedOnSuccessfulMulticastJoin","","Sun Oct 04 14:37:11 UTC 2026","passed","Sun Oct 04 14:37:11 UTC 2026","","SdTest","SdTest",""
"","","tp_reassembly_data","","","passed","","","test_core","test_core",""
"","3","MulticastMembershipTest","","Sun Oct 04 14:37:09 UTC 2026","passed","Sun Oct 04 14:37:09 UTC 2026","","(empty)","MulticastMembershipTest",""
"","0","InvalidLengthConsumesHeader","","Sun Oct 04 14:37:25 UTC 2026","passed","Sun Oct 04 14:37:25 UTC 2026","","TcpTransportTest","TcpTransportTest",""
"","0","SubscriptionStateTransitions","","Sun Oct 04 14:37:18 UTC 2026","passed","Sun Oct 04 14:37:18 UTC 2026","","EventsTest","EventsTest",""
"","50","ReceiveFragmentedMessage","","Sun Oct 04 14:37:35 UTC 2026","passed","Sun Oct 04 14:37:35 UTC 2026","","EventDrivenTcpTransport","EventDrivenTcpTransport",""
"","0","DeserializeStringMissingNulRejected","","Sun Oct 04 14:37:11 UTC 2026","passed","Sun Oct 04 14:37:11 UTC 2026","","SerializationTest","SerializationTest",""
"","0","DeserializerSetPosition","","Sun Oct 04 14:37:11 UTC 2026","passed","Sun Oct 04 14:37:11 UTC 2026","","SerializationTest","SerializationTest",""
"","0","FailureArmsRetrying","","Sun Oct 04 14:37:35 UTC 2026","passed","Sun Oct 04 14:37:35 UTC 2026","","MulticastMembershipTest","MulticastMembershipTest",""
"
        Verify that SOME/IP message format supports the fields needed
        for E2E profile plugin dispatch (service_id + method_id identify
        the protection scope).

        @test_case TC_E2E_INT_006
        @tests REQ_E2E_PLUGIN_002
        @tests REQ_E2E_PLUGIN_003
        ","1","test_plugin_registration","integration","Sun Oct 04 14:34:18 UTC 2026","passed","Sun Oct 04 14:34:18 UTC 2026","E2EIntegrationTest","test_e2e_integration","",""
"","1500","EventPublisherStopsEventsAfterTTLExpiry","","Sun Oct 04 14:37:12 UTC 2026","passed","Sun Oct 04 14:37:14 UTC 2026","","SdIntegrationTest","SdIntegrationTest",""
"","0","ConnectInServerModeFails","","Sun Oct 04 14:37:35 UTC 2026","passed","Sun Oct 04 14:37:35 UTC 2026","","EventDrivenTcpTransport","EventDrivenTcpTransport",""
"","0","InitializerListConstruct","","Sun Oct 04 14:34:11 UTC 2026","passed","Sun Oct 04 14:34:11 UTC 2026","","ByteBufferTest","ByteBufferTest",""
"","60","ClientAckMulticastJoinKeepsAcceptanceAndLocalState","","Sun Oct 04 14:37:12 UTC 2026","passed","Sun Oct 04 14:37:12 UTC 2026","","SdIntegrationTest","SdIntegrationTest",""
"","0","AllocateReturnsUsable","","Sun Oct 04 14:34:11 UTC 2026","passed","Sun Oct 04 14:34:11 UTC 2026","","MessagePoolTest","MessagePoolTest",""
"","","tp_stats_segments_sent","","","passed","","","test_core","test_core",""
"","2518","test_live_interface_version_two_if_server_present","","Sun Oct 04 14:34:18 UTC 2026","passed","Sun Oct 04 14:34:20 UTC 2026","","pytest","integration.test_rpc_spec_integration",""
"","","e2e_header_freshness_match","","","passed","","","test_core","test_core",""
"","0","HeaderSerialization","","Sun Oct 04 14:37:35 UTC 2026","passed","Sun Oct 04 14:37:35 UTC 2026","","E2ETest","E2ETest",""
"","0","DoubleFreeProtection","","Sun Oct 04 14:34:11 UTC 2026","passed","Sun Oct 04 14:34:11 UTC 2026","","BufferPoolTest","BufferPoolTest",""
"","0","ReassemblerCancelAndProgress","","Sun Oct 04 14:37:35 UTC 2026","passed","Sun Oct 04 14:37:35 UTC 2026","","TpTest","TpTest",""
"","0","IPv6_MCDC_D7_TooFewGroupsNoCompression","","Sun Oct 04 14:37:11 UTC 2026","passed","Sun Oct 04 14:37:11 UTC 2026","","EndpointTest","EndpointTest",""
"","0","ResponseSegmentsHaveTypeA0","","Sun Oct 04 14:37:35 UTC 2026","passed","Sun Oct 04 14:37:35 UTC 2026","","TpTest","TpTest",""
"","0","CrossTierFallback","","Sun Oct 04 14:34:11 UTC 2026","passed","Sun Oct 04 14:34:11 UTC 2026","","BufferPoolTest","BufferPoolTest",""
"","","crc_oob_returns_nullopt","","","passed","","","test_core","test_core",""
"","0","IngestDatagramReportsErrorOnLengthMismatch","","Sun Oct 04 14:37:35 UTC 2026","passed","Sun Oct 04 14:37:35 UTC 2026","","TpTest","TpTest",""
"","0","LengthOverflowRejection","","Sun Oct 04 14:37:11 UTC 2026","passed","Sun Oct 04 14:37:11 UTC 2026","","MessageTest","MessageTest",""
"","1","test_subscribe_eventgroup_is_type_06_unicast_only","","Sun Oct 04 14:34:18 UTC 2026","passed","Sun Oct 04 14:34:18 UTC 2026","","pytest","integration.test_sd_spec_integration",""
"","0","ClientStatistics","","Sun Oct 04 14:37:11 UTC 2026","passed","Sun Oct 04 14:37:11 UTC 2026","","RpcTest","RpcTest",""
"","0","AlignAlreadyAligned","","Sun Oct 04 14:37:11 UTC 2026","passed","Sun Oct 04 14:37:11 UTC 2026","","SerializationTest","SerializationTest",""
"","150","MalformedDatagramNotifiesRejectionNotMessage","","Sun Oct 04 14:37:34 UTC 2026","passed","Sun Oct 04 14:37:34 UTC 2026","","UdpTransportTest","UdpTransportTest",""
"","0","EventConfigCopy","","Sun Oct 04 14:37:18 UTC 2026","passed","Sun Oct 04 14:37:18 UTC 2026","","EventsTest","EventsTest",""
"","0","ConcurrentAllocRelease","","Sun Oct 04 14:34:11 UTC 2026","passed","Sun Oct 04 14:34:11 UTC 2026","","MessagePoolTest","MessagePoolTest",""
"","0","InvalidEndpointHandling","","Sun Oct 04 14:37:34 UTC 2026","passed","Sun Oct 04 14:37:34 UTC 2026","","UdpTransportTest","UdpTransportTest",""
"","0","AcquireSmallBuffer","","Sun Oct 04 14:34:11 UTC 2026","passed","Sun Oct 04 14:34:11 UTC 2026","","BufferPoolTest","BufferPoolTest",""
"
        Verify that a well-formed SOME/IP message round-trips correctly
        through serialization and deserialization at the protocol level.

        @test_case TC_E2E_INT_001
        @tests REQ_E2E_PLUGIN_001
        @tests REQ_E2E_PLUGIN_004
        @tests feat_req_someip_102
        ","0","test_e2e_protection_flow","integration","Sun Oct 04 14:34:18 UTC 2026","passed","Sun Oct 04 14:34:18 UTC 2026","E2EIntegrationTest","test_e2e_integration","",""
"","0","DisconnectCallbackNotifiesListener","","Sun Oct 04 14:37:35 UTC 2026","passed","Sun Oct 04 14:37:35 UTC 2026","","EventDrivenTcpTransport","EventDrivenTcpTransport",""
"","0","StopFromListenerDoesNotDeadlock","","Sun Oct 04 14:37:35 UTC 2026","passed","Sun Oct 04 14:37:35 UTC 2026","","EventDrivenUdpTransport","EventDrivenUdpTransport",""
"","0","NullHandleReturnsError","","Sun Oct 04 14:37:10 UTC 2026","passed","Sun Oct 04 14:37:10 UTC 2026","","CapiRpcServer","CapiRpcServer",""
"","0","StartPropagatesOpenFailure","","Sun Oct 04 14:37:35 UTC 2026","passed","Sun Oct 04 14:37:35 UTC 2026","","EventDrivenUdpTransport","EventDrivenUdpTransport",""
"Test with a large payload that may require fragmentation.","2510","test_echo_large_message","integration","Sun Oct 04 14:34:26 UTC 2026","passed","Sun Oct 04 14:34:28 UTC 2026","","test_echo_integration","",""
"","10","ClientRejectsMismatchedResponseInterfaceVersion","","Sun Oct 04 14:37:11 UTC 2026","passed","Sun Oct 04 14:37:11 UTC 2026","","RpcTest","RpcTest",""
"","0","CRCType0_Corruption","","Sun Oct 04 14:37:35 UTC 2026","passed","Sun Oct 04 14:37:35 UTC 2026","","E2ETest","E2ETest",""
"","","second_id_nonzero","","","passed","","","test_core","test_core",""
"","1","ServerOfferMultipleServices","","Sun Oct 04 14:37:12 UTC 2026","passed","Sun Oct 04 14:37:12 UTC 2026","","SdIntegrationTest","SdIntegrationTest",""
"","0","SerializeDeserializeUint16","","Sun Oct 04 14:37:11 UTC 2026","passed","Sun Oct 04 14:37:11 UTC 2026","","SerializationTest","SerializationTest",""
"","200","SendToUnknownPeerDoesNotMisroute","","Sun Oct 04 14:37:25 UTC 2026","passed","Sun Oct 04 14:37:25 UTC 2026","","TcpTransportTest","TcpTransportTest",""
"","0","SdMessageUnicastFlagDefaultOnPreparedTx","","Sun Oct 04 14:37:11 UTC 2026","passed","Sun Oct 04 14:37:11 UTC 2026","","SdTest","SdTest",""
"","0","StartWithoutInitializeFails","","Sun Oct 04 14:37:35 UTC 2026","passed","Sun Oct 04 14:37:35 UTC 2026","","EventDrivenTcpTransport","EventDrivenTcpTransport",""
"","100","ServerModeSetup","","Sun Oct 04 14:37:25 UTC 2026","passed","Sun Oct 04 14:37:25 UTC 2026","","TcpTransportTest","TcpTransportTest",""
"","","crc32_nonzero","","","passed","","","test_core","test_core",""
"","101","AckCopiesSubscribeCounter","","Sun Oct 04 14:37:12 UTC 2026","passed","Sun Oct 04 14:37:12 UTC 2026","","SdIntegrationTest","SdIntegrationTest",""
"","200","ServerModeConnectRejectedWhilePeerConnected","","Sun Oct 04 14:37:25 UTC 2026","passed","Sun Oct 04 14:37:25 UTC 2026","","TcpTransportTest","TcpTransportTest",""
"","0","SocketLifecycle","","Sun Oct 04 14:37:11 UTC 2026","passed","Sun Oct 04 14:37:11 UTC 2026","","NetTest","NetTest",""
"","0","UnknownEntryTypeDoesNotDropOffer","","Sun Oct 04 14:37:11 UTC 2026","passed","Sun Oct 04 14:37:11 UTC 2026","","SdTest","SdTest",""
"","0","MoveAssignment","","Sun Oct 04 14:37:11 UTC 2026","passed","Sun Oct 04 14:37:11 UTC 2026","","EndpointTest","EndpointTest",""
"","0","InvalidOffsetAlignment","","Sun Oct 04 14:37:35 UTC 2026","passed","Sun Oct 04 14:37:35 UTC 2026","","TpTest","TpTest",""
"","0","EndpointValidation","","Sun Oct 04 14:37:25 UTC 2026","passed","Sun Oct 04 14:37:25 UTC 2026","","TcpTransportTest","TcpTransportTest",""
"","0","SessionIdGeneration_Uniqueness","","Sun Oct 04 14:37:11 UTC 2026","passed","Sun Oct 04 14:37:11 UTC 2026","","SessionManagerTest","SessionManagerTest",""
"","0","BlockingModeLifecycle","","Sun Oct 04 14:37:34 UTC 2026","passed","Sun Oct 04 14:37:34 UTC 2026","","UdpTransportTest","UdpTransportTest",""
"","","e2e_header_crc_match","","","passed","","","test_core","test_core",""
"","0","CreateAndDestroy","","Sun Oct 04 14:37:10 UTC 2026","passed","Sun Oct 04 14:37:10 UTC 2026","","CapiSdClient","CapiSdClient",""
"","0","DynamicArrayUint8RoundTrip","","Sun Oct 04 14:37:11 UTC 2026","passed","Sun Oct 04 14:37:11 UTC 2026","","SerializationTest","SerializationTest",""
"","0","CreateAndDestroy","","Sun Oct 04 14:37:10 UTC 2026","passed","Sun Oct 04 14:37:10 UTC 2026","","CapiTp","CapiTp",""
"","0","HeaderDeserialize_BufferTooShort","","Sun Oct 04 14:37:35 UTC 2026","passed","Sun Oct 04 14:37:35 UTC 2026","","E2ETest","E2ETest",""
"","0","DeserializerReset","","Sun Oct 04 14:37:11 UTC 2026","passed","Sun Oct 04 14:37:11 UTC 2026","","SerializationTest","SerializationTest",""
"","1","test_error_propagation","","Sun Oct 04 14:34:18 UTC 2026","passed","Sun Oct 04 14:34:18 UTC 2026","","pytest","integration.test_e2e_integration.E2EIntegrationTest",""
"","100","ReassemblyTimeout","","Sun Oct 04 14:37:35 UTC 2026","passed","Sun Oct 04 14:37:35 UTC 2026","","TpTest","TpTest",""
"","0","SessionDefaultConstruction","","Sun Oct 04 14:37:11 UTC 2026","passed","Sun Oct 04 14:37:11 UTC 2026","","SessionManagerTest","SessionManagerTest",""
"","0","ServerReportsDegradedStateWhenMulticastJoinFails","","Sun Oct 04 14:37:11 UTC 2026","passed","Sun Oct 04 14:37:11 UTC 2026","","SdTest","SdTest",""
"","100","ClientConnectionTimeout","","Sun Oct 04 14:37:25 UTC 2026","passed","Sun Oct 04 14:37:25 UTC 2026","","TcpTransportTest","TcpTransportTest",""
"","0","EventPublisherConstructDestroyUnderTrap","","Sun Oct 04 14:34:11 UTC 2026","passed","Sun Oct 04 14:34:11 UTC 2026","","StaticAllocIntegrationTest","StaticAllocIntegrationTest",""
"","0","AddEntryReturnsBool","","Sun Oct 04 14:37:11 UTC 2026","passed","Sun Oct 04 14:37:11 UTC 2026","","SdTest","SdTest",""
"","0","CreateAndDestroy","","Sun Oct 04 14:37:10 UTC 2026","passed","Sun Oct 04 14:37:10 UTC 2026","","CapiSerializer","CapiSerializer",""
"Test server behaviour with invalid messages.","3513","test_echo_invalid_message","integration","Sun Oct 04 14:34:28 UTC 2026","passed","Sun Oct 04 14:34:32 UTC 2026","","test_echo_integration","",""
"","","boundary_min_u8","","","passed","","","test_core","test_core",""
"","0","BelowThresholdNoTpFlag","","Sun Oct 04 14:37:35 UTC 2026","passed","Sun Oct 04 14:37:35 UTC 2026","","TpTest","TpTest",""
"","","boundary_max_u8","","","passed","","","test_core","test_core",""
"","","deser_uint64","","","passed","","","test_core","test_core",""
"","30","NotifyAllWakesAll","","Sun Oct 04 14:37:10 UTC 2026","passed","Sun Oct 04 14:37:10 UTC 2026","","CVConformance","CVConformance",""
"","0","MethodIdValidation","","Sun Oct 04 14:37:11 UTC 2026","passed","Sun Oct 04 14:37:11 UTC 2026","","MessageTest","MessageTest",""
"","0","IPv4_NonDigitCharacter","","Sun Oct 04 14:37:11 UTC 2026","passed","Sun Oct 04 14:37:11 UTC 2026","","EndpointTest","EndpointTest",""
"","0","Resize","","Sun Oct 04 14:34:11 UTC 2026","passed","Sun Oct 04 14:34:11 UTC 2026","","ByteBufferTest","ByteBufferTest",""
"","0","AsyncCallRejectsNullCallback","","Sun Oct 04 14:37:10 UTC 2026","passed","Sun Oct 04 14:37:10 UTC 2026","","CapiRpcClient","CapiRpcClient",""
"","0","InvalidCRC","","Sun Oct 04 14:37:35 UTC 2026","passed","Sun Oct 04 14:37:35 UTC 2026","","E2ETest","E2ETest",""
"","0","InvalidLengthResyncsAtMagicCookie","","Sun Oct 04 14:37:25 UTC 2026","passed","Sun Oct 04 14:37:25 UTC 2026","","TcpTransportTest","TcpTransportTest",""
"","0","EventConfigConstruction","","Sun Oct 04 14:37:18 UTC 2026","passed","Sun Oct 04 14:37:18 UTC 2026","","EventsTest","EventsTest",""
"","0","InfiniteTTLNeverExpires","","Sun Oct 04 14:37:19 UTC 2026","passed","Sun Oct 04 14:37:19 UTC 2026","","EventsSubscriptionTTLTest","EventsSubscriptionTTLTest",""
"","0","InvalidSdMessageHeader","","Sun Oct 04 14:37:11 UTC 2026","passed","Sun Oct 04 14:37:11 UTC 2026","","SdTest","SdTest",""
"","0","ValidateSession_ErrorState","","Sun Oct 04 14:37:11 UTC 2026","passed","Sun Oct 04 14:37:11 UTC 2026","","SessionManagerTest","SessionManagerTest",""
"","0","FullMessageMinorVersion32BitRoundTrip","","Sun Oct 04 14:37:11 UTC 2026","passed","Sun Oct 04 14:37:11 UTC 2026","","SdTest","SdTest",""
"","0","OverlapSameDataSucceeds","","Sun Oct 04 14:37:35 UTC 2026","passed","Sun Oct 04 14:37:35 UTC 2026","","TpTest","TpTest",""
"","10","UpdateActivity","","Sun Oct 04 14:37:11 UTC 2026","passed","Sun Oct 04 14:37:11 UTC 2026","","SessionManagerTest","SessionManagerTest",""
"","0","ContainerOperationsUnderTrap","","Sun Oct 04 14:34:11 UTC 2026","passed","Sun Oct 04 14:34:11 UTC 2026","","StaticAllocIntegrationTest","StaticAllocIntegrationTest",""
"","0","UnknownOptionSkipCorrectBytes","","Sun Oct 04 14:37:11 UTC 2026","passed","Sun Oct 04 14:37:11 UTC 2026","","SdTest","SdTest",""
"","0","ExactDuplicateAccepted","","Sun Oct 04 14:37:35 UTC 2026","passed","Sun Oct 04 14:37:35 UTC 2026","","TpTest","TpTest",""
"","0","OversizedDeclaredLengthReportsBufferOverflow","","Sun Oct 04 14:37:25 UTC 2026","passed","Sun Oct 04 14:37:25 UTC 2026","","TcpTransportTest","TcpTransportTest",""
"","0","IPv4EndpointOptionDeserialization","","Sun Oct 04 14:37:11 UTC 2026","passed","Sun Oct 04 14:37:11 UTC 2026","","SdTest","SdTest",""
"","0","MagicCookieClientFormat","","Sun Oct 04 14:37:25 UTC 2026","passed","Sun Oct 04 14:37:25 UTC 2026","","TcpTransportTest","TcpTransportTest",""
"","0","TransferInitTimestamps","","Sun Oct 04 14:37:35 UTC 2026","passed","Sun Oct 04 14:37:35 UTC 2026","","TpTypesTest","TpTypesTest",""
"","0","NonCopyable","","Sun Oct 04 14:37:10 UTC 2026","passed","Sun Oct 04 14:37:10 UTC 2026","","MutexConformance","MutexConformance",""
"","0","MalformedDatagramInvokesOnError","","Sun Oct 04 14:37:35 UTC 2026","passed","Sun Oct 04 14:37:35 UTC 2026","","EventDrivenUdpTransport","EventDrivenUdpTransport",""
"","0","EventConfigOnChange","","Sun Oct 04 14:37:18 UTC 2026","passed","Sun Oct 04 14:37:18 UTC 2026","","EventsTest","EventsTest",""
"","0","Multicast_InvalidAddressIsNotMulticast","","Sun Oct 04 14:37:11 UTC 2026","passed","Sun Oct 04 14:37:11 UTC 2026","","EndpointTest","EndpointTest",""
"","55","FreeRTOSCoreTest","","Sun Oct 04 14:33:25 UTC 2026","passed","Sun Oct 04 14:33:25 UTC 2026","","(empty)","FreeRTOSCoreTest",""
"","101","SubscriptionACKReflectsRequestedTTL","","Sun Oct 04 14:37:12 UTC 2026","passed","Sun Oct 04 14:37:12 UTC 2026","","SdIntegrationTest","SdIntegrationTest",""
"","702","SubscribeAckGoesToSdSenderNotEventEndpoint","","Sun Oct 04 14:37:12 UTC 2026","passed","Sun Oct 04 14:37:13 UTC 2026","","SdIntegrationTest","SdIntegrationTest",""
"","1","test_two_segment_tp_request_wire_layout","","Sun Oct 04 14:34:18 UTC 2026","passed","Sun Oct 04 14:34:18 UTC 2026","","pytest","integration.test_tp_udp_integration",""
"","0","IPv6_MCDC_D4_TrailingColonNoCompression","","Sun Oct 04 14:37:11 UTC 2026","passed","Sun Oct 04 14:37:11 UTC 2026","","EndpointTest","EndpointTest",""
"","0","ComplexSerialization","","Sun Oct 04 14:37:11 UTC 2026","passed","Sun Oct 04 14:37:11 UTC 2026","","SerializationTest","SerializationTest",""
"","0","EventConfigPeriodic","","Sun Oct 04 14:37:18 UTC 2026","passed","Sun Oct 04 14:37:18 UTC 2026","","EventsTest","EventsTest",""
"","1","ServerUpdateServiceTTL","","Sun Oct 04 14:37:12 UTC 2026","passed","Sun Oct 04 14:37:12 UTC 2026","","SdIntegrationTest","SdIntegrationTest",""
"","0","ResetClearsBuffer","","Sun Oct 04 14:37:10 UTC 2026","passed","Sun Oct 04 14:37:10 UTC 2026","","CapiSerializer","CapiSerializer",""
"","0","InvalidOptionLength","","Sun Oct 04 14:37:11 UTC 2026","passed","Sun Oct 04 14:37:11 UTC 2026","","SdTest","SdTest",""
"","0","ResourceCleanup","","Sun Oct 04 14:37:34 UTC 2026","passed","Sun Oct 04 14:37:34 UTC 2026","","UdpTransportTest","UdpTransportTest",""
"","0","IPv4_EndsWithDot","","Sun Oct 04 14:37:11 UTC 2026","passed","Sun Oct 04 14:37:11 UTC 2026","","EndpointTest","EndpointTest",""
"","0","SingleMessageEmptyPayloadRejected","","Sun Oct 04 14:37:35 UTC 2026","passed","Sun Oct 04 14:37:35 UTC 2026","","TpTest","TpTest",""
"","0","KeyBasedApiTargetsExactKey","","Sun Oct 04 14:37:35 UTC 2026","passed","Sun Oct 04 14:37:35 UTC 2026","","TpTest","TpTest",""
"","","tp_last_segment_type","","","passed","","","test_core","test_core",""
"","0","MulticastJoinLeave","","Sun Oct 04 14:37:35 UTC 2026","passed","Sun Oct 04 14:37:35 UTC 2026","","EventDrivenUdpTransport","EventDrivenUdpTransport",""
"","0","ListenerPreservedAcrossStopStart","","Sun Oct 04 14:37:35 UTC 2026","passed","Sun Oct 04 14:37:35 UTC 2026","","EventDrivenTcpTransport","EventDrivenTcpTransport",""
"","10","ConnectionStateManagement","","Sun Oct 04 14:37:25 UTC 2026","passed","Sun Oct 04 14:37:25 UTC 2026","","TcpTransportTest","TcpTransportTest",""
"","0","EventFilterComparison","","Sun Oct 04 14:37:18 UTC 2026","passed","Sun Oct 04 14:37:18 UTC 2026","","EventsTest","EventsTest",""
"","0","EnumBoundaryValues","","Sun Oct 04 14:37:11 UTC 2026","passed","Sun Oct 04 14:37:11 UTC 2026","","SerializationTest","SerializationTest",""
"","0","Int64NegativeRoundTrip","","Sun Oct 04 14:37:11 UTC 2026","passed","Sun Oct 04 14:37:11 UTC 2026","","SerializationTest","SerializationTest",""
"","0","StringAppend","","Sun Oct 04 14:34:11 UTC 2026","passed","Sun Oct 04 14:34:11 UTC 2026","","ContainerTest","ContainerTest",""
"Test network-level E2E validation","0","test_network_level_validation","system","Sun Oct 04 14:34:34 UTC 2026","passed","Sun Oct 04 14:34:34 UTC 2026","E2ESystemTest","test_e2e_system","",""
"","0","NotifyOneWakesExactlyOneWaiter","","Sun Oct 04 14:37:11 UTC 2026","passed","Sun Oct 04 14:37:11 UTC 2026","","ConditionVariableTest","ConditionVariableTest",""
"","0","ReceiveCallbackReassemblesMessage","","Sun Oct 04 14:37:35 UTC 2026","passed","Sun Oct 04 14:37:35 UTC 2026","","EventDrivenTcpTransport","EventDrivenTcpTransport",""
"","0","Validate_NoHeader","","Sun Oct 04 14:37:35 UTC 2026","passed","Sun Oct 04 14:37:35 UTC 2026","","E2ETest","E2ETest",""
"","0","BufferDataIntegrity","","Sun Oct 04 14:34:11 UTC 2026","passed","Sun Oct 04 14:34:11 UTC 2026","","BufferPoolTest","BufferPoolTest",""
"","0","NullHandleReturnsError","","Sun Oct 04 14:37:10 UTC 2026","passed","Sun Oct 04 14:37:10 UTC 2026","","CapiEventPublisher","CapiEventPublisher",""
"","10","ResourceCleanup","","Sun Oct 04 14:37:25 UTC 2026","passed","Sun Oct 04 14:37:25 UTC 2026","","TcpTransportTest","TcpTransportTest",""
"","","tp_too_large_rejected","","","passed","","","test_core","test_core",""
"","0","StatisticsTracking","","Sun Oct 04 14:37:35 UTC 2026","passed","Sun Oct 04 14:37:35 UTC 2026","","TpTest","TpTest",""
"","0","IPv4EndpointOptionDeserializesSpecCompliantPacket","","Sun Oct 04 14:37:11 UTC 2026","passed","Sun Oct 04 14:37:11 UTC 2026","","SdTest","SdTest",""
"","0","SerializeDeserializeFloatArray","","Sun Oct 04 14:37:11 UTC 2026","passed","Sun Oct 04 14:37:11 UTC 2026","","SerializationTest","SerializationTest",""
"","0","NullHandleReturnsError","","Sun Oct 04 14:37:10 UTC 2026","passed","Sun Oct 04 14:37:10 UTC 2026","","CapiUdpTransport","CapiUdpTransport",""
"","0","DeeplyNestedArray","","Sun Oct 04 14:37:11 UTC 2026","passed","Sun Oct 04 14:37:11 UTC 2026","","SerializationTest","SerializationTest",""
"","","valid_ipv6","","","passed","","","test_core","test_core",""
"","0","IteratorRange","","Sun Oct 04 14:34:11 UTC 2026","passed","Sun Oct 04 14:34:11 UTC 2026","","ByteBufferTest","ByteBufferTest",""
"","1","PlatformContainersTest","","Sun Oct 04 14:34:09 UTC 2026","passed","Sun Oct 04 14:34:09 UTC 2026","","(empty)","PlatformContainersTest",""
"","0","IPv4_DotOnly","","Sun Oct 04 14:37:11 UTC 2026","passed","Sun Oct 04 14:37:11 UTC 2026","","EndpointTest","EndpointTest",""
"","0","ResizeWithValue","","Sun Oct 04 14:34:11 UTC 2026","passed","Sun Oct 04 14:34:11 UTC 2026","","ByteBufferTest","ByteBufferTest",""
"
    Conformance test: Verify SOME/IP message format compliance.
    Tests message parsing and validation against specification.
    ","0","test_someip_message_format_compliance","system","Sun Oct 04 14:34:34 UTC 2026","passed","Sun Oct 04 14:34:34 UTC 2026","","test_full_stack_integration","",""
"","0","EntryTypes","","Sun Oct 04 14:37:11 UTC 2026","passed","Sun Oct 04 14:37:11 UTC 2026","","SdTest","SdTest",""
"","0","NullHandleReturnsError","","Sun Oct 04 14:37:10 UTC 2026","passed","Sun Oct 04 14:37:10 UTC 2026","","CapiSdServer","CapiSdServer",""
"","","e2e_validate_success","","","passed","","","test_core","test_core",""
"","0","IPv6_MCDC_D2_InvalidChar","","Sun Oct 04 14:37:11 UTC 2026","passed","Sun Oct 04 14:37:11 UTC 2026","","EndpointTest","EndpointTest",""
"","0","ReOfferAfterStop","","Sun Oct 04 14:37:11 UTC 2026","passed","Sun Oct 04 14:37:11 UTC 2026","","SdTest","SdTest",""
"","0","InitialWaitOverrideAndRange","","Sun Oct 04 14:37:11 UTC 2026","passed","Sun Oct 04 14:37:11 UTC 2026","","SdTest","SdTest",""
"","0","Multicast_BelowRange","","Sun Oct 04 14:37:11 UTC 2026","passed","Sun Oct 04 14:37:11 UTC 2026","","EndpointTest","EndpointTest",""
"","0","ChunkedArrivalReassembly","","Sun Oct 04 14:37:25 UTC 2026","passed","Sun Oct 04 14:37:25 UTC 2026","","TcpTransportTest","TcpTransportTest",""
"","0","PayloadViewUnderTrap","","Sun Oct 04 14:34:11 UTC 2026","passed","Sun Oct 04 14:34:11 UTC 2026","","StaticAllocIntegrationTest","StaticAllocIntegrationTest",""
"","0","RpcInterfaceVersionTwoIsValid","","Sun Oct 04 14:37:11 UTC 2026","passed","Sun Oct 04 14:37:11 UTC 2026","","MessageTest","MessageTest",""
"","0","CapacityExhaust","","Sun Oct 04 14:34:11 UTC 2026","passed","Sun Oct 04 14:34:11 UTC 2026","","ContainerTest","ContainerTest",""
"","0","NullReleaseIsSafe","","Sun Oct 04 14:34:11 UTC 2026","passed","Sun Oct 04 14:34:11 UTC 2026","","BufferPoolTest","BufferPoolTest",""
"","0","SdMessageSerialization","","Sun Oct 04 14:37:11 UTC 2026","passed","Sun Oct 04 14:37:11 UTC 2026","","SdTest","SdTest",""
"","0","PortZeroWithExplicitAddressRemainsValid","","Sun Oct 04 14:37:11 UTC 2026","passed","Sun Oct 04 14:37:11 UTC 2026","","EndpointTest","EndpointTest",""
"","0","EventGroupEntry","","Sun Oct 04 14:37:11 UTC 2026","passed","Sun Oct 04 14:37:11 UTC 2026","","SdTest","SdTest",""
