Requirement ID,Title,Type,Satisfies,Implemented By,Tested By,Has Implementation,Has Tests
REQ_ARCH_001,Modular Architecture,requirement,feat_req_someip_2; feat_req_someip_3; feat_req_someip_4; feat_req_someip_14; feat_req_someip_15; feat_req_someip_697,CODE_event_publisher_events_28; CODE_event_subscriber_events_28; CODE_rpc_client_rpc_30; CODE_rpc_server_rpc_27; CODE_sd_client_sd_39; CODE_sd_message_sd_30; CODE_sd_server_sd_41; CODE_types_someip_25,TC_test_someip_system_SomeIpSystemTest; TC_test_events_EventsTest; TC_test_message_MessageTest; TC_test_rpc_RpcTest; TC_test_sd_SdTest; TC_test_serialization_21; TC_test_tp_TpTest; TC_test_echo_integration_74; TC_test_e2e_system_2; TC_test_full_stack_integration_1,Yes,Yes
REQ_ARCH_002,Thread Safety,requirement,,CODE_session_manager_core_26; CODE_event_publisher_events_28; CODE_event_subscriber_events_28; CODE_rpc_client_rpc_30; CODE_rpc_server_rpc_27; CODE_sd_client_sd_39; CODE_sd_server_sd_41,TC_test_platform_threading_14; TC_test_rpc_RpcTest; TC_test_sd_SdTest; TC_test_session_manager_SessionManagerTest; TC_SM_REMOVE_001; TC_SM_REMOVE_002; TC_SM_GET_001; TC_SM_MULTI_001; TC_SM_STATE_001; TC_SM_STATE_002; TC_SM_ACTIVITY_001; TC_SM_ACTIVITY_002; TC_SM_EXPIRY_001; TC_SM_EXPIRY_002; TC_SM_COUNT_001; TC_SM_STRUCT_001; TC_SM_STRUCT_002; TC_SM_STRUCT_003; TC_SM_STRUCT_004; TC_test_tp_TpTest; TC_test_e2e_system_2; TC_test_full_stack_integration_1,Yes,Yes
REQ_ARCH_003,Safe Memory Management,requirement,,CODE_session_manager_core_26,TC_test_message_MessageTest; TC_test_session_manager_SessionManagerTest,Yes,Yes
REQ_ARCH_004,Consistent Error Handling,requirement,,CODE_result_common_11; CODE_result_common_22,TC_E2E_INT_005,Yes,Yes
REQ_ARCH_005,Coding Standards Compliance,requirement,feat_req_someip_105; feat_req_someip_109; feat_req_someip_449; feat_req_someip_472,CODE_result_common_22,TC_test_message_MessageTest,Yes,Yes
REQ_ARCH_006,CMake Build System,requirement,,CODE_result_common_22,TC_test_message_MessageTest,Yes,Yes
REQ_ARCH_007,Comprehensive Testing,requirement,,CODE_result_common_22,TC_test_message_MessageTest,Yes,Yes
REQ_COMPAT_001,Receive Longer Messages Gracefully,requirement,feat_req_someipcompat_1198; feat_req_someipcompat_1199; feat_req_someipcompat_1196; feat_req_someipcompat_1205,CODE_message_someip_399,TC_test_message_MessageTest,Yes,Yes
REQ_COMPAT_001_E01,Error - Forward Compatibility Length Clamp,requirement,REQ_COMPAT_001,CODE_message_someip_399,TC_test_message_MessageTest,Yes,Yes
REQ_COMPAT_002,Default Values for Missing Parameters,requirement,feat_req_someipcompat_1200,CODE_message_someip_399,TC_test_message_MessageTest,Yes,Yes
REQ_COMPAT_003,Drop Unknown Messages,requirement,feat_req_someipcompat_1201; feat_req_someip_808,CODE_rpc_server_rpc_118,TC_test_message_MessageTest,Yes,Yes
REQ_COMPAT_003_E01,Error - Unknown Message Dropped Count,requirement,REQ_COMPAT_003,CODE_message_someip_399,TC_test_message_MessageTest,Yes,Yes
REQ_COMPAT_004,Open Service Instance Access,requirement,feat_req_someipcompat_1202,CODE_message_someip_399,TC_test_message_MessageTest,Yes,Yes
REQ_COMPAT_005,FindService Wildcard Minor Version,requirement,feat_req_someipcompat_1197; feat_req_someipcompat_1216,CODE_message_someip_399,TC_test_message_MessageTest,Yes,Yes
REQ_COMPAT_010,Multi-Version Service Hosting,requirement,feat_req_someipcompat_714; feat_req_someipcompat_800; feat_req_someipcompat_801; feat_req_someipcompat_712; feat_req_someipcompat_713,CODE_message_someip_399,TC_test_message_MessageTest,Yes,Yes
REQ_COMPAT_010_E01,Error - Incompatible Major Version,requirement,REQ_COMPAT_010,CODE_message_someip_399,TC_test_message_MessageTest,Yes,Yes
REQ_COMPAT_011,Multi-Version Client Discovery,requirement,feat_req_someipcompat_802; feat_req_someipcompat_803; feat_req_someipcompat_804,CODE_message_someip_399,TC_test_message_MessageTest,Yes,Yes
REQ_COMPAT_020,Reserved Service ID Table,requirement,feat_req_someipids_505; feat_req_someipids_554; feat_req_someipids_504,CODE_message_someip_399,TC_test_message_MessageTest,Yes,Yes
REQ_COMPAT_020_E01,Error - Reserved Service ID in Application Message,requirement,REQ_COMPAT_020,CODE_message_someip_399,TC_test_message_MessageTest,Yes,Yes
REQ_COMPAT_021,Reserved Instance ID Table,requirement,feat_req_someipids_529,CODE_message_someip_399,TC_test_message_MessageTest,Yes,Yes
REQ_COMPAT_022,Reserved Method ID and Event ID Table,requirement,feat_req_someipids_636,CODE_message_someip_399,TC_test_message_MessageTest,Yes,Yes
REQ_COMPAT_023,Reserved Eventgroup ID Table,requirement,feat_req_someipids_555,CODE_message_someip_399,TC_test_message_MessageTest,Yes,Yes
REQ_COMPAT_024,Service 0xFFFF Method IDs,requirement,feat_req_someipids_530; feat_req_someipids_664; feat_req_someipids_875,CODE_message_someip_399,TC_test_message_MessageTest,Yes,Yes
REQ_COMPAT_030,Multi-Version Configuration,requirement,feat_req_someipcompat_799,CODE_sd_types_sd_88,TC_test_sd_SdTest,Yes,Yes
REQ_E2E_PLUGIN_001,E2E Profile Plugin Interface,requirement,feat_req_someip_102; feat_req_someip_103,CODE_standard_profile_e2e_profiles_53; CODE_standard_profile_e2e_profiles_136; CODE_e2e_protection_e2e_22; CODE_e2e_protection_e2e_52,TC_E2E_MCDC_001; TC_E2E_MCDC_002; TC_E2E_MCDC_003; TC_E2E_MCDC_004; TC_E2E_MCDC_005; TC_E2E_MCDC_006; TC_E2E_MCDC_007; TC_E2E_MCDC_008; TC_E2E_MCDC_009; TC_test_e2e_integration_15; TC_E2E_INT_001; TC_E2E_INT_005; TC_test_e2e_system_2,Yes,Yes
REQ_E2E_PLUGIN_002,E2E Profile Registry,requirement,,CODE_e2e_profile_registry_e2e_19; CODE_e2e_profile_registry_e2e_28; CODE_e2e_profile_registry_e2e_61,TC_test_e2e_integration_15; TC_E2E_INT_006; TC_test_e2e_system_2,Yes,Yes
REQ_E2E_PLUGIN_003,Plugin Registration API,requirement,,CODE_e2e_profile_registry_e2e_28,TC_test_e2e_integration_15; TC_E2E_INT_006,Yes,Yes
REQ_E2E_PLUGIN_004,Standard E2E Profile,requirement,feat_req_someip_102; feat_req_someip_103,CODE_e2e_crc_e2e_35; CODE_standard_profile_e2e_profiles_53; CODE_standard_profile_e2e_profiles_136; CODE_e2e_protection_e2e_22; CODE_e2e_protection_e2e_52,TC_E2E_002; TC_E2E_003; TC_E2E_CRC_001; TC_E2E_CRC_001b; TC_E2E_CRC_002; TC_E2E_CRC_003; TC_E2E_CRC_004; TC_E2E_CRC_005; TC_E2E_CRC_006; TC_E2E_MCDC_001; TC_E2E_MCDC_002; TC_E2E_MCDC_010; TC_E2E_MCDC_011; TC_E2E_MCDC_012; TC_test_e2e_integration_15; TC_E2E_INT_001; TC_E2E_INT_002; TC_E2E_INT_003; TC_E2E_INT_004; TC_test_e2e_system_2,Yes,Yes
REQ_E2E_PLUGIN_005,E2E Header Format,requirement,feat_req_someip_102; feat_req_someip_103,CODE_e2e_header_e2e_20; CODE_e2e_header_e2e_50,TC_E2E_001; TC_E2E_HDR_001; TC_E2E_HDR_002; TC_E2E_HDR_003; TC_E2E_HDR_004; TC_E2E_HDR_005; TC_E2E_HDR_006,Yes,Yes
REQ_MSG_001,Parse Message ID Field,requirement,feat_req_someip_44; feat_req_someip_45; feat_req_someip_56; feat_req_someip_43; feat_req_someip_55; feat_req_someip_29; feat_req_someip_30,CODE_message_someip_123; CODE_message_someip_167,TC_test_message_MessageTest; TC_MSG_001,Yes,Yes
REQ_MSG_002,Extract Service ID from Message ID,requirement,feat_req_someip_538; feat_req_someip_539; feat_req_someip_59; feat_req_someip_534; feat_req_someip_58; feat_req_someip_57,CODE_message_someip_123; CODE_message_someip_167; CODE_message_someip_309,TC_test_message_MessageTest; TC_MSG_001; TC_MSG_002,Yes,Yes
REQ_MSG_003,Extract Method ID from Message ID,requirement,feat_req_someip_59; feat_req_someip_60; feat_req_someip_625; feat_req_someip_58,CODE_message_someip_123; CODE_message_someip_167; CODE_message_someip_309,TC_test_message_MessageTest; TC_MSG_001; TC_MSG_003; TC_MSG_003_BOUNDARY,Yes,Yes
REQ_MSG_004,Validate Reserved Service ID 0x0000,requirement,feat_req_someip_627; feat_req_someip_816,CODE_message_someip_281,TC_MSG_004,Yes,Yes
REQ_MSG_004_E01,Error - Invalid Service ID Range,requirement,feat_req_someip_627; feat_req_someip_371,CODE_message_someip_281,TC_MSG_004,Yes,Yes
REQ_MSG_004_E02,Error - Log Invalid Service ID,requirement,,CODE_message_someip_281,TC_MSG_004,Yes,Yes
REQ_MSG_005,Recognize SD Service ID 0xFFFF,requirement,feat_req_someip_627; feat_req_someip_658,CODE_message_someip_281,TC_test_message_MessageTest,Yes,Yes
REQ_MSG_006,Accept Method IDs for Methods,requirement,feat_req_someip_60; feat_req_someip_625; feat_req_someip_626,CODE_message_someip_295,TC_test_message_MessageTest,Yes,Yes
REQ_MSG_007,Accept Method IDs for Events,requirement,feat_req_someip_67; feat_req_someip_625; feat_req_someip_626,CODE_message_someip_295,TC_test_message_MessageTest,Yes,Yes
REQ_MSG_008,Validate Reserved Method ID 0xFFFF,requirement,feat_req_someip_816; feat_req_someip_818,CODE_message_someip_295,TC_test_message_MessageTest,Yes,Yes
REQ_MSG_010,Parse Length Field,requirement,feat_req_someip_77; feat_req_someip_76; feat_req_someip_34; feat_req_someip_35; feat_req_someip_36; feat_req_someip_38,CODE_message_someip_123; CODE_message_someip_167,TC_test_message_MessageTest,Yes,Yes
REQ_MSG_010_E01,Error - Message Length Overflow,requirement,,CODE_message_someip_167,TC_test_message_MessageTest; TC_MSG_E01,Yes,Yes
REQ_MSG_011,Validate Length Field Calculation,requirement,feat_req_someip_77,CODE_message_someip_123; CODE_message_someip_167; CODE_message_someip_492,TC_test_message_MessageTest,Yes,Yes
REQ_MSG_012,Minimum Length Value,requirement,feat_req_someip_77; feat_req_someip_798,CODE_message_someip_167; CODE_message_someip_317,TC_test_message_MessageTest; TC_MSG_012; TC_MSG_012_BOUNDARY,Yes,Yes
REQ_MSG_012_E01,Error - Return Malformed Message Code,requirement,,CODE_message_someip_167,TC_test_message_MessageTest,Yes,Yes
REQ_MSG_012_E02,Error - Log Invalid Length Value,requirement,,CODE_message_someip_317,TC_MSG_012,Yes,Yes
REQ_MSG_013,Maximum Length for UDP Transport,requirement,feat_req_someip_318; feat_req_someiptp_760; feat_req_someip_166,CODE_message_someip_482,TC_test_message_MessageTest,Yes,Yes
REQ_MSG_014,Error - Buffer Size Less Than Length,requirement,feat_req_someip_77; feat_req_someip_798,CODE_message_someip_167,TC_test_message_MessageTest,Yes,Yes
REQ_MSG_014_E01,Error - Truncated Message Detection,requirement,,CODE_message_someip_167,TC_test_message_MessageTest,Yes,Yes
REQ_MSG_014_E02,Error - Buffer Overflow Protection,requirement,,CODE_message_someip_167,TC_test_message_MessageTest,Yes,Yes
REQ_MSG_015,Error - Length Less Than Minimum,requirement,feat_req_someip_798,CODE_message_someip_167; CODE_message_someip_317,TC_MSG_012,Yes,Yes
REQ_MSG_020,Parse Request ID Field,requirement,feat_req_someip_79; feat_req_someip_83; feat_req_someip_78; feat_req_someip_82; feat_req_someip_80,CODE_message_someip_123; CODE_message_someip_167,TC_test_message_MessageTest; TC_MSG_001,Yes,Yes
REQ_MSG_020_E01,Error - Request ID All Zeros,requirement,,CODE_message_someip_167,TC_test_message_MessageTest; TC_MSG_E02,Yes,Yes
REQ_MSG_021,Extract Client ID from Request ID,requirement,feat_req_someip_83; feat_req_someip_699,CODE_message_someip_123; CODE_message_someip_167; CODE_message_someip_358,TC_test_message_MessageTest; TC_MSG_001; TC_MSG_021,Yes,Yes
REQ_MSG_022,Extract Session ID from Request ID,requirement,feat_req_someip_83; feat_req_someip_88,CODE_message_someip_123; CODE_message_someip_167; CODE_message_someip_358,TC_test_message_MessageTest; TC_MSG_001; TC_MSG_021,Yes,Yes
REQ_MSG_023,Session ID Zero - Disabled Session Handling,requirement,feat_req_someip_700,CODE_message_someip_341,TC_test_message_MessageTest,Yes,Yes
REQ_MSG_024,Session ID Wrap-Around Handling,requirement,feat_req_someip_649; feat_req_someip_677,CODE_message_someip_341,TC_test_message_MessageTest,Yes,Yes
REQ_MSG_024_E01,Error - Duplicate Session ID Detection,requirement,,CODE_message_someip_341,TC_test_message_MessageTest,Yes,Yes
REQ_MSG_024_E02,Error - Session ID Sequence Validation,requirement,,CODE_message_someip_341,TC_test_message_MessageTest,Yes,Yes
REQ_MSG_025,Client ID Zero - Reserved for SD,requirement,feat_req_someip_699,CODE_message_someip_329,TC_test_message_MessageTest,Yes,Yes
REQ_MSG_030,Parse Protocol Version Field,requirement,feat_req_someip_90; feat_req_someip_89,CODE_message_someip_123; CODE_message_someip_167,TC_test_message_MessageTest,Yes,Yes
REQ_MSG_031,Validate Protocol Version Value,requirement,feat_req_someip_90; feat_req_someip_703,CODE_message_someip_167; CODE_message_someip_399,TC_test_message_MessageTest; TC_MSG_005,Yes,Yes
REQ_MSG_032,Error - Reject Invalid Protocol Version,requirement,feat_req_someip_90; feat_req_someip_371,CODE_message_someip_167; CODE_message_someip_399,TC_test_message_MessageTest; TC_MSG_005,Yes,Yes
REQ_MSG_032_E01,Error - Log Unknown Protocol Version,requirement,,CODE_message_someip_399,TC_MSG_005,Yes,Yes
REQ_MSG_032_E02,Error - Discard Message on Protocol Mismatch,requirement,,CODE_message_someip_399,TC_MSG_005,Yes,Yes
REQ_MSG_033,Error - Return Wrong Protocol Version Code,requirement,feat_req_someip_90; feat_req_someip_371,CODE_message_someip_399,TC_test_message_MessageTest; TC_MSG_005,Yes,Yes
REQ_MSG_040,Parse Interface Version Field,requirement,feat_req_someip_92; feat_req_someip_91; feat_req_someip_93,CODE_message_someip_123; CODE_message_someip_167,TC_test_message_MessageTest,Yes,Yes
REQ_MSG_040_E01,Error - Interface Version Zero,requirement,,CODE_message_someip_167,TC_test_message_MessageTest; TC_MSG_E03,Yes,Yes
REQ_MSG_041,Pass Interface Version to Application,requirement,feat_req_someip_92,CODE_message_someip_358,TC_test_message_MessageTest,Yes,Yes
REQ_MSG_042,Error - Interface Version Mismatch Handling,requirement,feat_req_someip_371,CODE_message_someip_366,TC_test_message_MessageTest; TC_MSG_005,Yes,Yes
REQ_MSG_042_E01,Error - Log Interface Version Mismatch,requirement,,CODE_message_someip_366,TC_test_message_MessageTest,Yes,Yes
REQ_MSG_050,Parse Message Type Field,requirement,feat_req_someip_95; feat_req_someip_94; feat_req_someip_684,CODE_message_someip_123; CODE_message_someip_167,TC_test_message_MessageTest; TC_MSG_001,Yes,Yes
REQ_MSG_051,Accept REQUEST Message Type,requirement,feat_req_someip_95; feat_req_someip_141; feat_req_someip_329,CODE_message_someip_366,TC_test_message_MessageTest; TC_MSG_006,Yes,Yes
REQ_MSG_052,Accept REQUEST_NO_RETURN Message Type,requirement,feat_req_someip_95; feat_req_someip_345,CODE_message_someip_366,TC_test_message_MessageTest; TC_MSG_006,Yes,Yes
REQ_MSG_053,Accept NOTIFICATION Message Type,requirement,feat_req_someip_95; feat_req_someip_354,CODE_message_someip_366,TC_test_message_MessageTest; TC_MSG_006,Yes,Yes
REQ_MSG_053_E01,Error - Notification With Non-Zero Return Code,requirement,,CODE_message_someip_366,TC_test_message_MessageTest; TC_MSG_E04,Yes,Yes
REQ_MSG_054,Accept RESPONSE Message Type,requirement,feat_req_someip_95; feat_req_someip_141; feat_req_someip_338,CODE_message_someip_366,TC_test_message_MessageTest; TC_MSG_006,Yes,Yes
REQ_MSG_054_E01,Error - Response Message Type for Non-Request,requirement,,CODE_message_someip_366,TC_test_message_MessageTest; TC_MSG_E05,Yes,Yes
REQ_MSG_055,Accept ERROR Message Type,requirement,feat_req_someip_95; feat_req_someip_106; feat_req_someip_107; feat_req_someip_727,CODE_message_someip_366,TC_test_message_MessageTest,Yes,Yes
REQ_MSG_056,Detect TP Flag in Message Type,requirement,feat_req_someip_761; feat_req_someiptp_765,CODE_message_someip_391,TC_test_message_MessageTest,Yes,Yes
REQ_MSG_057,Accept REQUEST_ACK Message Type,requirement,feat_req_someip_95; feat_req_someip_142,CODE_message_someip_366,TC_test_message_MessageTest,Yes,Yes
REQ_MSG_058,Accept RESPONSE_ACK Message Type,requirement,feat_req_someip_95; feat_req_someip_142,CODE_message_someip_366,TC_test_message_MessageTest,Yes,Yes
REQ_MSG_059,Accept ERROR_ACK Message Type,requirement,feat_req_someip_95; feat_req_someip_142,CODE_message_someip_366,TC_test_message_MessageTest,Yes,Yes
REQ_MSG_060_TP,Accept TP_REQUEST Message Type,requirement,feat_req_someip_761; feat_req_someiptp_765,CODE_message_someip_391,TC_test_message_MessageTest,Yes,Yes
REQ_MSG_061_TP,Accept TP_REQUEST_NO_RETURN Message Type,requirement,feat_req_someip_761; feat_req_someiptp_765,CODE_message_someip_391,TC_test_message_MessageTest,Yes,Yes
REQ_MSG_062_TP,Accept TP_NOTIFICATION Message Type,requirement,feat_req_someip_761; feat_req_someiptp_765,CODE_message_someip_391,TC_test_message_MessageTest,Yes,Yes
REQ_MSG_063,Error - Reject Unknown Message Type,requirement,feat_req_someip_95; feat_req_someip_721,CODE_message_someip_399,TC_test_message_MessageTest; TC_MSG_005,Yes,Yes
REQ_MSG_063_E01,Error - Log Unknown Message Type,requirement,,CODE_message_someip_399,TC_test_message_MessageTest,Yes,Yes
REQ_MSG_063_E02,Error - Reserved Message Type Bits Validation,requirement,,CODE_message_someip_399,TC_test_message_MessageTest,Yes,Yes
REQ_MSG_064,Error - Return Wrong Message Type Code,requirement,feat_req_someip_95; feat_req_someip_371,CODE_message_someip_399,TC_test_message_MessageTest; TC_MSG_005,Yes,Yes
REQ_MSG_070,Parse Return Code Field,requirement,feat_req_someip_144; feat_req_someip_371; feat_req_someip_143; feat_req_someip_369; feat_req_someip_683,CODE_message_someip_123; CODE_message_someip_167,TC_test_message_MessageTest; TC_MSG_001,Yes,Yes
REQ_MSG_071,Validate Return Code Zero for Requests,requirement,feat_req_someip_144; feat_req_someip_371,CODE_message_someip_41,TC_test_message_MessageTest; TC_MSG_001,Yes,Yes
REQ_MSG_071_E01,Error - Non-Zero Return Code in Request,requirement,feat_req_someip_371; feat_req_someip_597,CODE_message_someip_41,TC_test_message_MessageTest,Yes,Yes
REQ_MSG_071_E02,Error - Log Invalid Return Code in Request,requirement,,CODE_message_someip_41,TC_test_message_MessageTest,Yes,Yes
REQ_MSG_072,Accept Standard Return Codes,requirement,feat_req_someip_371,CODE_message_someip_399,TC_test_message_MessageTest,Yes,Yes
REQ_MSG_072_E01,Error - Unknown Return Code Handling,requirement,,CODE_message_someip_399,TC_test_message_MessageTest,Yes,Yes
REQ_MSG_073,Accept E_OK Return Code,requirement,feat_req_someip_371,CODE_message_someip_123; CODE_message_someip_167,TC_test_message_MessageTest,Yes,Yes
REQ_MSG_074,Accept E_NOT_OK Return Code,requirement,feat_req_someip_371,CODE_message_someip_123; CODE_message_someip_167,TC_test_message_MessageTest,Yes,Yes
REQ_MSG_075,Accept E_UNKNOWN_SERVICE Return Code,requirement,feat_req_someip_371; feat_req_someip_816,CODE_message_someip_123; CODE_message_someip_167,TC_test_message_MessageTest,Yes,Yes
REQ_MSG_076,Accept E_UNKNOWN_METHOD Return Code,requirement,feat_req_someip_371; feat_req_someip_816,CODE_message_someip_123; CODE_message_someip_167,TC_test_message_MessageTest,Yes,Yes
REQ_MSG_077,Accept E_NOT_READY Return Code,requirement,feat_req_someip_371,CODE_message_someip_123; CODE_message_someip_167,TC_test_message_MessageTest,Yes,Yes
REQ_MSG_078,Accept E_NOT_REACHABLE Return Code,requirement,feat_req_someip_371,CODE_message_someip_123; CODE_message_someip_167,TC_test_message_MessageTest,Yes,Yes
REQ_MSG_079,Accept E_TIMEOUT Return Code,requirement,feat_req_someip_371,CODE_message_someip_123; CODE_message_someip_167,TC_test_message_MessageTest,Yes,Yes
REQ_MSG_080,Accept E_MALFORMED_MESSAGE Return Code,requirement,feat_req_someip_371,CODE_message_someip_123; CODE_message_someip_167,TC_test_message_MessageTest,Yes,Yes
REQ_MSG_090,Big Endian Header Fields,requirement,feat_req_someip_42; feat_req_someip_44; feat_req_someip_45; feat_req_someip_675; feat_req_someip_41,CODE_message_someip_123; CODE_message_someip_167,TC_test_message_MessageTest,Yes,Yes
REQ_MSG_090_E01,Error - Serialization Output Buffer Full,requirement,,CODE_message_someip_399,TC_test_message_MessageTest; TC_MSG_E06,Yes,Yes
REQ_MSG_091,Host to Network Byte Order on Serialize,requirement,feat_req_someip_42; feat_req_someip_675,CODE_message_someip_123,TC_test_message_MessageTest,Yes,Yes
REQ_MSG_092,Network to Host Byte Order on Deserialize,requirement,feat_req_someip_42; feat_req_someip_675,CODE_message_someip_167,TC_test_message_MessageTest,Yes,Yes
REQ_MSG_093,Single Byte Fields No Conversion,requirement,feat_req_someip_42,CODE_message_someip_167; CODE_message_someip_399,TC_test_message_MessageTest,Yes,Yes
REQ_MSG_100,Complete Header Validation,requirement,feat_req_someip_44; feat_req_someip_45; feat_req_someip_721,CODE_message_someip_167; CODE_message_someip_273,TC_test_message_MessageTest; TC_MSG_005,Yes,Yes
REQ_MSG_100_E01,Error - Null Buffer Pointer,requirement,,CODE_message_someip_273,TC_test_message_MessageTest,Yes,Yes
REQ_MSG_100_E02,Error - Buffer Too Small for Header,requirement,,CODE_message_someip_167,TC_test_message_MessageTest,Yes,Yes
REQ_MSG_100_E03,Error - Empty Buffer Handling,requirement,,CODE_message_someip_167,TC_test_message_MessageTest,Yes,Yes
REQ_MSG_110,Service Instance ID Support,requirement,feat_req_someip_542; feat_req_someip_543; feat_req_someip_544; feat_req_someip_579,CODE_event_publisher_events_114; CODE_sd_types_sd_60,TC_test_message_MessageTest,Yes,Yes
REQ_MSG_110_E01,Error - Invalid Service Instance ID,requirement,,CODE_event_publisher_events_114,TC_test_message_MessageTest; TC_MSG_E08,Yes,Yes
REQ_MSG_111,Service ID Uniqueness,requirement,feat_req_someip_541,CODE_rpc_server_rpc_118; CODE_types_someip_70,TC_test_message_MessageTest,Yes,Yes
REQ_MSG_112,Non-SOME/IP Service ID 0xFFFE,requirement,feat_req_someip_624,CODE_types_someip_37,TC_test_message_MessageTest,Yes,Yes
REQ_MSG_113,Eventgroup ID Support,requirement,feat_req_someip_545; feat_req_someip_546; feat_req_someip_547; feat_req_someip_670,CODE_sd_message_sd_202; CODE_sd_types_sd_77,TC_test_message_MessageTest,Yes,Yes
REQ_MSG_113_E01,Error - Duplicate Eventgroup ID,requirement,,,TC_test_message_MessageTest,No,Yes
REQ_MSG_114,Request/Response Header Construction,requirement,feat_req_someip_329; feat_req_someip_338; feat_req_someip_327; feat_req_someip_328,CODE_rpc_client_rpc_142,TC_test_message_MessageTest; TC_test_rpc_RpcTest,Yes,Yes
REQ_MSG_114_E01,Error - Response Without Matching Request,requirement,,CODE_rpc_client_rpc_142,TC_test_message_MessageTest,Yes,Yes
REQ_MSG_114_E02,Error - Response Timeout,requirement,,CODE_rpc_client_rpc_142,TC_test_message_MessageTest,Yes,Yes
REQ_MSG_115,Fire-and-Forget No Response,requirement,feat_req_someip_345; feat_req_someip_348; feat_req_someip_344,CODE_rpc_server_rpc_163; CODE_rpc_server_rpc_177,TC_test_message_MessageTest; TC_test_rpc_RpcTest,Yes,Yes
REQ_MSG_116,Response IP Address Mapping,requirement,feat_req_someip_49; feat_req_someip_46; feat_req_someip_48,CODE_rpc_server_rpc_118,TC_test_message_MessageTest; TC_test_rpc_RpcTest,Yes,Yes
REQ_MSG_117,Payload Field Extraction,requirement,feat_req_someip_165; feat_req_someip_164,CODE_rpc_server_rpc_163; CODE_rpc_server_rpc_177,TC_test_message_MessageTest,Yes,Yes
REQ_MSG_117_E01,Error - Payload Size Exceeds Maximum,requirement,,CODE_rpc_server_rpc_163; CODE_rpc_server_rpc_177,TC_test_message_MessageTest; TC_MSG_E07,Yes,Yes
REQ_MSG_118,Session Handling for Request/Response,requirement,feat_req_someip_669,CODE_session_manager_core_26; CODE_rpc_client_rpc_142; CODE_rpc_client_rpc_227,TC_test_message_MessageTest; TC_test_rpc_RpcTest; TC_test_session_manager_SessionManagerTest; TC_SM_IDGEN_001; TC_SM_IDGEN_002,Yes,Yes
REQ_MSG_118_E01,Error - Session ID Zero in Active Session,requirement,,CODE_rpc_client_rpc_142; CODE_rpc_client_rpc_227,TC_test_message_MessageTest; TC_MSG_E09,Yes,Yes
REQ_MSG_119,Session Handling for Events,requirement,feat_req_someip_667,CODE_event_publisher_events_114,TC_test_message_MessageTest,Yes,Yes
REQ_MSG_120,Client ID Configurable Prefix,requirement,feat_req_someip_701,CODE_rpc_client_rpc_142,TC_test_message_MessageTest,Yes,Yes
REQ_MSG_120_E01,Error - Client ID Conflict,requirement,,CODE_rpc_client_rpc_142,TC_test_message_MessageTest,Yes,Yes
REQ_MSG_121A,Event Delivery to All Subscribers,requirement,feat_req_someip_354; feat_req_someip_351; feat_req_someip_352,CODE_event_publisher_events_114,TC_test_message_MessageTest,Yes,Yes
REQ_MSG_121B,Suppress Events to Non-Subscribers,requirement,feat_req_someip_353; feat_req_someip_807,CODE_event_publisher_events_114,TC_test_message_MessageTest,Yes,Yes
REQ_MSG_121C,Event Delivery After Unsubscribe,requirement,feat_req_someip_355; feat_req_someip_356,CODE_event_publisher_events_114,TC_test_message_MessageTest,Yes,Yes
REQ_MSG_121_E01,Error - Event Publish to No Subscribers,requirement,,CODE_event_publisher_events_114,TC_test_message_MessageTest,Yes,Yes
REQ_MSG_121_E02,Error - Event Publish After Shutdown,requirement,,CODE_event_publisher_events_114,TC_test_message_MessageTest; TC_MSG_E10,Yes,Yes
REQ_MSG_122,Selective Event Sending,requirement,feat_req_someip_804; feat_req_someip_806,CODE_event_subscriber_events_78,TC_test_message_MessageTest,Yes,Yes
REQ_MSG_123,Field Getter Support,requirement,feat_req_someip_631; feat_req_someip_633; feat_req_someip_630; feat_req_someip_637,CODE_event_subscriber_events_205,TC_test_message_MessageTest,Yes,Yes
REQ_MSG_123_E01,Error - Field Getter Not Available,requirement,,CODE_event_subscriber_events_205,TC_test_message_MessageTest,Yes,Yes
REQ_MSG_124,Field Setter Support,requirement,feat_req_someip_631; feat_req_someip_634,CODE_event_publisher_events_157,TC_test_message_MessageTest,Yes,Yes
REQ_MSG_124_E01,Error - Field Setter Validation Failure,requirement,,CODE_event_publisher_events_157,TC_test_message_MessageTest,Yes,Yes
REQ_MSG_125,Field Notifier Support,requirement,feat_req_someip_631; feat_req_someip_635,CODE_event_publisher_events_157,TC_test_message_MessageTest,Yes,Yes
REQ_MSG_125_E01,Error - Duplicate Field Notifier Registration,requirement,,CODE_event_publisher_events_157,TC_test_message_MessageTest,Yes,Yes
REQ_MSG_126,No Field Without Accessors,requirement,feat_req_someip_632,CODE_event_publisher_events_157,TC_test_message_MessageTest,Yes,Yes
REQ_MSG_127,No Error for Fire-and-Forget,requirement,feat_req_someip_654,CODE_rpc_server_rpc_118,TC_test_message_MessageTest; TC_test_rpc_RpcTest,Yes,Yes
REQ_MSG_128,No Error for Events,requirement,feat_req_someip_597,CODE_rpc_server_rpc_118,TC_test_message_MessageTest; TC_test_rpc_RpcTest,Yes,Yes
REQ_MSG_129,Error Header Copy,requirement,feat_req_someip_655,CODE_rpc_server_rpc_177,TC_test_message_MessageTest; TC_test_rpc_RpcTest,Yes,Yes
REQ_MSG_130,No Error Response to Error Messages,requirement,feat_req_someip_704,CODE_rpc_server_rpc_118,TC_test_message_MessageTest; TC_test_rpc_RpcTest,Yes,Yes
REQ_MSG_131,Return Code Configuration,requirement,feat_req_someip_598; feat_req_someip_1092,CODE_types_someip_142,TC_test_message_MessageTest; TC_test_rpc_RpcTest,Yes,Yes
REQ_MSG_132A,Exception Message Type 0x81,requirement,feat_req_someip_101; feat_req_someip_726; feat_req_someip_421,CODE_rpc_server_rpc_118,TC_test_message_MessageTest; TC_test_rpc_RpcTest,Yes,Yes
REQ_MSG_132B,Exception Message Payload,requirement,feat_req_someip_422; feat_req_someip_423; feat_req_someip_426,,TC_test_message_MessageTest; TC_test_rpc_RpcTest,No,Yes
REQ_MSG_133A,Error Check Step 1 - Protocol Version,requirement,feat_req_someip_719; feat_req_someip_721,,TC_test_message_MessageTest; TC_test_rpc_RpcTest,No,Yes
REQ_MSG_133B,Error Check Step 2 - Message Type,requirement,feat_req_someip_717; feat_req_someip_718,,TC_test_message_MessageTest; TC_test_rpc_RpcTest,No,Yes
REQ_MSG_133C,Error Check Step 3 - Service and Method Validation,requirement,feat_req_someip_366; feat_req_someip_364; feat_req_someip_365; feat_req_someip_720,CODE_rpc_server_rpc_118,TC_test_message_MessageTest; TC_test_rpc_RpcTest,Yes,Yes
REQ_MSG_134,Service Instance Port Multiplexing,requirement,feat_req_someip_648; feat_req_someip_444; feat_req_someip_446,CODE_rpc_server_rpc_118,TC_test_message_MessageTest,Yes,Yes
REQ_MSG_135,Error Message Handling,requirement,feat_req_someip_367; feat_req_someip_727; feat_req_someip_366; feat_req_someip_368,,TC_test_message_MessageTest,No,Yes
REQ_MSG_140,IP Address and Port Mapping,requirement,feat_req_someip_47; feat_req_someip_313; feat_req_someip_314,,TC_test_message_MessageTest,No,Yes
REQ_MSG_141,Publish/Subscribe Support,requirement,feat_req_someip_361; feat_req_someip_360,CODE_event_publisher_events_114,TC_test_message_MessageTest,Yes,Yes
REQ_MY_001,My Requirement,requirement,feat_req_someip_102; feat_req_someip_103,CODE_result_common_11,TC_test_message_MessageTest,Yes,Yes
REQ_PAL_BYTE_HTONL,PAL Host-to-Network 32-bit Conversion,requirement,REQ_ARCH_001,CODE_byteorder_impl_posix_20,TC_test_platform_threading_14; TC_PAL_BYTEORDER_001; TC_PAL_BYTEORDER_002,Yes,Yes
REQ_PAL_BYTE_HTONS,PAL Host-to-Network 16-bit Conversion,requirement,REQ_ARCH_001,CODE_byteorder_impl_posix_16,TC_test_platform_threading_14; TC_PAL_BYTEORDER_001; TC_PAL_BYTEORDER_002,Yes,Yes
REQ_PAL_BYTE_NTOHL,PAL Network-to-Host 32-bit Conversion,requirement,REQ_ARCH_001,CODE_byteorder_impl_posix_22,TC_test_platform_threading_14; TC_PAL_BYTEORDER_001,Yes,Yes
REQ_PAL_BYTE_NTOHS,PAL Network-to-Host 16-bit Conversion,requirement,REQ_ARCH_001,CODE_byteorder_impl_posix_18,TC_test_platform_threading_14; TC_PAL_BYTEORDER_001,Yes,Yes
REQ_PAL_CV_EXCEPT_E01,Error - ConditionVariable Exception Safety,requirement,,CODE_host_condition_variable_host_19; CODE_host_condition_variable_host_27; CODE_host_condition_variable_host_36,TC_test_platform_threading_14,Yes,Yes
REQ_PAL_CV_NOTIFY_ALL,PAL ConditionVariable Notify All,requirement,REQ_ARCH_001,CODE_thread_impl_freertos_92; CODE_thread_impl_freertos_109; CODE_host_condition_variable_host_19; CODE_host_condition_variable_host_24; CODE_thread_impl_threadx_84; CODE_thread_impl_threadx_100; CODE_thread_impl_zephyr_51; CODE_thread_impl_zephyr_59,TC_test_pal_freertos_mock_allocate_message; TC_test_pal_threadx_mock_allocate_message; TC_test_pal_zephyr_mock_allocate_message; TC_test_platform_threading_14,Yes,Yes
REQ_PAL_CV_NOTIFY_ONE,PAL ConditionVariable Notify One,requirement,REQ_ARCH_001,CODE_thread_impl_freertos_92; CODE_thread_impl_freertos_106; CODE_host_condition_variable_host_19; CODE_host_condition_variable_host_22; CODE_thread_impl_threadx_84; CODE_thread_impl_threadx_95; CODE_thread_impl_zephyr_51; CODE_thread_impl_zephyr_57,TC_test_freertos_core_vApplicationMallocFailedHook; TC_test_pal_freertos_mock_allocate_message; TC_test_pal_threadx_mock_allocate_message; TC_test_pal_zephyr_mock_allocate_message; TC_test_platform_threading_14; TC_test_threadx_core_7,Yes,Yes
REQ_PAL_CV_OWNERSHIP,PAL ConditionVariable Mutex Ownership Guarantee,requirement,REQ_ARCH_001,CODE_thread_impl_freertos_92; CODE_thread_impl_freertos_119; CODE_thread_impl_freertos_126; CODE_host_condition_variable_host_19; CODE_host_condition_variable_host_27; CODE_host_condition_variable_host_36; CODE_thread_impl_threadx_84; CODE_thread_impl_threadx_105; CODE_thread_impl_threadx_113; CODE_thread_impl_zephyr_51; CODE_thread_impl_zephyr_62; CODE_thread_impl_zephyr_67,TC_test_pal_freertos_mock_allocate_message; TC_test_pal_threadx_mock_allocate_message; TC_test_pal_zephyr_mock_allocate_message; TC_test_platform_threading_14,Yes,Yes
REQ_PAL_CV_WAIT,PAL ConditionVariable Wait,requirement,REQ_ARCH_001,CODE_thread_impl_freertos_92; CODE_thread_impl_freertos_119; CODE_host_condition_variable_host_19; CODE_host_condition_variable_host_27; CODE_thread_impl_threadx_84; CODE_thread_impl_threadx_105; CODE_thread_impl_zephyr_51; CODE_thread_impl_zephyr_62,TC_test_pal_freertos_mock_allocate_message; TC_test_pal_threadx_mock_allocate_message; TC_test_pal_zephyr_mock_allocate_message; TC_test_platform_threading_14,Yes,Yes
REQ_PAL_CV_WAIT_PRED,PAL ConditionVariable Wait with Predicate,requirement,REQ_ARCH_001,CODE_thread_impl_freertos_92; CODE_thread_impl_freertos_126; CODE_host_condition_variable_host_19; CODE_host_condition_variable_host_36; CODE_thread_impl_threadx_84; CODE_thread_impl_threadx_113; CODE_thread_impl_zephyr_51; CODE_thread_impl_zephyr_67,TC_test_pal_freertos_mock_allocate_message; TC_test_pal_threadx_mock_allocate_message; TC_test_pal_zephyr_mock_allocate_message; TC_test_platform_threading_14,Yes,Yes
REQ_PAL_LOCK_ACQUIRE,PAL ScopedLock Acquisition on Construction,requirement,REQ_ARCH_001,CODE_thread_platform_30; CODE_thread_platform_33,TC_test_pal_freertos_mock_allocate_message; TC_test_pal_threadx_mock_allocate_message; TC_test_pal_zephyr_mock_allocate_message; TC_test_platform_threading_14; TC_PAL_SCOPEDLOCK_001,Yes,Yes
REQ_PAL_LOCK_NONCOPY,PAL ScopedLock Non-Copyable,requirement,REQ_ARCH_001,CODE_thread_platform_30,TC_test_pal_freertos_mock_allocate_message; TC_test_pal_threadx_mock_allocate_message; TC_test_pal_zephyr_mock_allocate_message; TC_test_platform_threading_14,Yes,Yes
REQ_PAL_LOCK_RELEASE,PAL ScopedLock Release on Destruction,requirement,REQ_ARCH_001,CODE_thread_platform_30; CODE_thread_platform_35,TC_test_pal_freertos_mock_allocate_message; TC_test_pal_threadx_mock_allocate_message; TC_test_pal_zephyr_mock_allocate_message; TC_test_platform_threading_14; TC_PAL_SCOPEDLOCK_001,Yes,Yes
REQ_PAL_MEM_ALLOC,PAL Memory Allocation,requirement,REQ_ARCH_001; REQ_ARCH_003,CODE_memory_impl_freertos_23; CODE_memory_impl_posix_16; CODE_memory_impl_threadx_23; CODE_memory_impl_zephyr_17,TC_test_freertos_core_vApplicationMallocFailedHook; TC_test_pal_freertos_mock_allocate_message; TC_test_pal_threadx_mock_allocate_message; TC_test_pal_zephyr_mock_allocate_message; TC_test_platform_threading_14; TC_PAL_MEMORY_001; TC_test_threadx_core_7,Yes,Yes
REQ_PAL_MEM_EXHAUST_E01,Error - Memory Pool Exhaustion,requirement,,CODE_memory_impl_freertos_23; CODE_memory_impl_threadx_23,,Yes,No
REQ_PAL_MEM_INDEPENDENT,PAL Memory Independence,requirement,REQ_ARCH_001; REQ_ARCH_003,CODE_memory_impl_freertos_23; CODE_memory_impl_posix_16; CODE_memory_impl_threadx_23; CODE_memory_impl_zephyr_17; CODE_memory_impl_zephyr_19,TC_test_freertos_core_vApplicationMallocFailedHook; TC_test_pal_freertos_mock_allocate_message; TC_test_pal_threadx_mock_allocate_message; TC_test_pal_zephyr_mock_allocate_message; TC_test_platform_threading_14; TC_PAL_MEMORY_002; TC_test_threadx_core_7,Yes,Yes
REQ_PAL_MEM_THREADSAFE_E01,Error - Memory Pool Thread Safety,requirement,,CODE_memory_impl_freertos_23; CODE_memory_impl_threadx_23,,Yes,No
REQ_PAL_MUTEX_LOCK,PAL Mutex Lock,requirement,REQ_ARCH_001,CODE_thread_impl_freertos_68; CODE_thread_impl_posix_28; CODE_thread_impl_threadx_51; CODE_thread_impl_threadx_62; CODE_thread_impl_zephyr_26; CODE_thread_impl_zephyr_32,TC_test_freertos_core_vApplicationMallocFailedHook; TC_test_pal_freertos_mock_allocate_message; TC_test_pal_threadx_mock_allocate_message; TC_test_pal_zephyr_mock_allocate_message; TC_test_platform_threading_14; TC_PAL_MUTEX_001; TC_test_threadx_core_7,Yes,Yes
REQ_PAL_MUTEX_NONCOPY,PAL Mutex Non-Copyable,requirement,REQ_ARCH_001,CODE_thread_impl_posix_28; CODE_thread_impl_threadx_51; CODE_thread_impl_zephyr_26,TC_test_pal_freertos_mock_allocate_message; TC_test_pal_threadx_mock_allocate_message; TC_test_pal_zephyr_mock_allocate_message; TC_test_platform_threading_14,Yes,Yes
REQ_PAL_MUTEX_TRYLOCK,PAL Mutex Try Lock,requirement,REQ_ARCH_001,CODE_thread_impl_freertos_80; CODE_thread_impl_posix_28; CODE_thread_impl_threadx_51; CODE_thread_impl_threadx_72; CODE_thread_impl_zephyr_26; CODE_thread_impl_zephyr_40,TC_test_freertos_core_vApplicationMallocFailedHook; TC_test_pal_freertos_mock_allocate_message; TC_test_pal_threadx_mock_allocate_message; TC_test_pal_zephyr_mock_allocate_message; TC_test_platform_threading_14; TC_PAL_MUTEX_001; TC_test_threadx_core_7,Yes,Yes
REQ_PAL_MUTEX_UNLOCK,PAL Mutex Unlock,requirement,REQ_ARCH_001,CODE_thread_impl_freertos_74; CODE_thread_impl_posix_28; CODE_thread_impl_threadx_51; CODE_thread_impl_threadx_67; CODE_thread_impl_zephyr_26; CODE_thread_impl_zephyr_38,TC_test_freertos_core_vApplicationMallocFailedHook; TC_test_pal_freertos_mock_allocate_message; TC_test_pal_threadx_mock_allocate_message; TC_test_pal_zephyr_mock_allocate_message; TC_test_platform_threading_14; TC_PAL_MUTEX_001; TC_test_threadx_core_7,Yes,Yes
REQ_PAL_MUTEX_UNLOCK_E01,Error - Mutex Double Unlock,requirement,,CODE_thread_impl_freertos_74; CODE_thread_impl_threadx_51; CODE_thread_impl_threadx_67; CODE_thread_impl_zephyr_26; CODE_thread_impl_zephyr_38,TC_test_pal_freertos_mock_allocate_message; TC_test_pal_threadx_mock_allocate_message; TC_test_pal_zephyr_mock_allocate_message; TC_test_platform_threading_14; TC_PAL_MUTEX_002,Yes,Yes
REQ_PAL_NET_BLOCK,PAL Socket Set Blocking,requirement,REQ_ARCH_001,CODE_net_impl_posix_52,TC_test_platform_threading_14,Yes,Yes
REQ_PAL_NET_CLOSE,PAL Socket Close,requirement,REQ_ARCH_001,CODE_net_impl_posix_33,TC_test_platform_threading_14; TC_PAL_NET_002,Yes,Yes
REQ_PAL_NET_MODE_E01,Error - Socket Mode Change Failure,requirement,,CODE_net_impl_posix_43; CODE_net_impl_posix_52,TC_test_platform_threading_14; TC_PAL_NET_001,Yes,Yes
REQ_PAL_NET_NONBLOCK,PAL Socket Set Non-Blocking,requirement,REQ_ARCH_001,CODE_net_impl_posix_43,TC_test_platform_threading_14; TC_PAL_NET_002,Yes,Yes
REQ_PAL_NET_SHUTDOWN,PAL Socket Shutdown,requirement,REQ_ARCH_001,CODE_net_impl_posix_38,TC_test_platform_threading_14,Yes,Yes
REQ_PAL_SLEEP_DURATION,PAL sleep_for Minimum Duration,requirement,REQ_ARCH_001,CODE_thread_impl_freertos_232; CODE_thread_impl_posix_92; CODE_thread_impl_threadx_285; CODE_thread_impl_zephyr_147,TC_test_freertos_core_vApplicationMallocFailedHook; TC_test_pal_freertos_mock_allocate_message; TC_test_pal_threadx_mock_allocate_message; TC_test_pal_zephyr_mock_allocate_message; TC_test_platform_threading_14; TC_PAL_SLEEP_001; TC_test_threadx_core_7,Yes,Yes
REQ_PAL_SLEEP_ZERO,PAL sleep_for Zero Duration,requirement,REQ_ARCH_001,CODE_thread_impl_freertos_232; CODE_thread_impl_posix_92; CODE_thread_impl_threadx_285; CODE_thread_impl_zephyr_147,TC_test_freertos_core_vApplicationMallocFailedHook; TC_test_pal_freertos_mock_allocate_message; TC_test_pal_threadx_mock_allocate_message; TC_test_pal_zephyr_mock_allocate_message; TC_test_platform_threading_14; TC_PAL_SLEEP_002; TC_test_threadx_core_7,Yes,Yes
REQ_PAL_THREAD_CREATE,PAL Thread Creation,requirement,REQ_ARCH_001,CODE_thread_impl_freertos_141; CODE_thread_impl_freertos_146; CODE_thread_impl_posix_31; CODE_thread_impl_posix_36; CODE_thread_impl_threadx_128; CODE_thread_impl_threadx_133; CODE_thread_impl_win32_24; CODE_thread_impl_win32_29; CODE_thread_impl_zephyr_81; CODE_thread_impl_zephyr_86,TC_test_freertos_core_vApplicationMallocFailedHook; TC_test_pal_freertos_mock_allocate_message; TC_test_pal_threadx_mock_allocate_message; TC_test_pal_zephyr_mock_allocate_message; TC_test_platform_threading_14; TC_PAL_THREAD_001; TC_PAL_THREAD_002; TC_test_threadx_core_7,Yes,Yes
REQ_PAL_THREAD_CREATE_E01,Error - Thread Creation Failure,requirement,,CODE_thread_impl_freertos_141; CODE_thread_impl_freertos_146; CODE_thread_impl_posix_31; CODE_thread_impl_posix_36; CODE_thread_impl_threadx_128; CODE_thread_impl_threadx_133; CODE_thread_impl_win32_24; CODE_thread_impl_win32_29; CODE_thread_impl_zephyr_81; CODE_thread_impl_zephyr_86,TC_test_platform_threading_14,Yes,Yes
REQ_PAL_THREAD_DTOR_E01,Error - Thread Destructor Without Join,requirement,,CODE_thread_impl_freertos_141; CODE_thread_impl_freertos_176; CODE_thread_impl_posix_31; CODE_thread_impl_posix_53; CODE_thread_impl_threadx_128; CODE_thread_impl_threadx_178; CODE_thread_impl_win32_24; CODE_thread_impl_win32_40; CODE_thread_impl_zephyr_81; CODE_thread_impl_zephyr_101,TC_test_pal_freertos_mock_allocate_message; TC_test_pal_threadx_mock_allocate_message; TC_test_pal_zephyr_mock_allocate_message; TC_test_platform_threading_14; TC_PAL_THREAD_003,Yes,Yes
REQ_PAL_THREAD_JOIN,PAL Thread Join,requirement,REQ_ARCH_001,CODE_thread_impl_freertos_141; CODE_thread_impl_freertos_194; CODE_thread_impl_posix_31; CODE_thread_impl_posix_70; CODE_thread_impl_threadx_128; CODE_thread_impl_threadx_201; CODE_thread_impl_win32_24; CODE_thread_impl_win32_53; CODE_thread_impl_zephyr_81; CODE_thread_impl_zephyr_117,TC_test_freertos_core_vApplicationMallocFailedHook; TC_test_pal_freertos_mock_allocate_message; TC_test_pal_threadx_mock_allocate_message; TC_test_pal_zephyr_mock_allocate_message; TC_test_platform_threading_14; TC_PAL_THREAD_001; TC_test_threadx_core_7,Yes,Yes
REQ_PAL_THREAD_JOINABLE,PAL Thread Joinable Query,requirement,REQ_ARCH_001,CODE_thread_impl_freertos_141; CODE_thread_impl_freertos_188; CODE_thread_impl_posix_31; CODE_thread_impl_posix_64; CODE_thread_impl_threadx_128; CODE_thread_impl_threadx_195; CODE_thread_impl_win32_24; CODE_thread_impl_win32_50; CODE_thread_impl_zephyr_81; CODE_thread_impl_zephyr_111,TC_test_freertos_core_vApplicationMallocFailedHook; TC_test_pal_freertos_mock_allocate_message; TC_test_pal_threadx_mock_allocate_message; TC_test_pal_zephyr_mock_allocate_message; TC_test_platform_threading_14; TC_test_threadx_core_7,Yes,Yes
REQ_PAL_THREAD_NONCOPY,PAL Thread Non-Copyable,requirement,REQ_ARCH_001,CODE_thread_impl_freertos_141; CODE_thread_impl_posix_31; CODE_thread_impl_threadx_128; CODE_thread_impl_win32_24; CODE_thread_impl_zephyr_81,TC_test_pal_freertos_mock_allocate_message; TC_test_pal_threadx_mock_allocate_message; TC_test_pal_zephyr_mock_allocate_message; TC_test_platform_threading_14,Yes,Yes
REQ_PLATFORM_ARCH_001,Platform Abstraction Layer Architecture,requirement,,CODE_thread_platform_30,TC_test_platform_threading_14,Yes,Yes
REQ_PLATFORM_FREERTOS_001,FreeRTOS Threading Backend,requirement,REQ_PAL_MUTEX_LOCK; REQ_PAL_MUTEX_UNLOCK; REQ_PAL_MUTEX_TRYLOCK; REQ_PAL_CV_WAIT; REQ_PAL_CV_WAIT_PRED; REQ_PAL_CV_NOTIFY_ONE; REQ_PAL_CV_NOTIFY_ALL; REQ_PAL_CV_OWNERSHIP; REQ_PAL_THREAD_CREATE; REQ_PAL_THREAD_JOINABLE; REQ_PAL_THREAD_JOIN; REQ_PAL_LOCK_ACQUIRE; REQ_PAL_LOCK_RELEASE; REQ_PAL_SLEEP_DURATION; REQ_PAL_SLEEP_ZERO,CODE_thread_impl_freertos_57,TC_test_freertos_core_vApplicationMallocFailedHook; TC_test_pal_freertos_mock_allocate_message,Yes,Yes
REQ_PLATFORM_FREERTOS_002,FreeRTOS Memory Pool Backend,requirement,REQ_PAL_MEM_ALLOC; REQ_PAL_MEM_INDEPENDENT,CODE_memory_freertos_90; CODE_memory_impl_freertos_23; CODE_memory_impl_freertos_25,TC_test_freertos_core_vApplicationMallocFailedHook; TC_test_pal_freertos_mock_allocate_message,Yes,Yes
REQ_PLATFORM_LWIP_001,lwIP Networking Backend,requirement,REQ_PAL_NET_CLOSE; REQ_PAL_NET_SHUTDOWN; REQ_PAL_NET_NONBLOCK; REQ_PAL_NET_BLOCK,CODE_net_impl_lwip_33; CODE_net_impl_lwip_38; CODE_net_impl_lwip_43; CODE_net_impl_lwip_50,TC_test_udp_transport_UdpTransportTest,Yes,Yes
REQ_PLATFORM_LWIP_002,lwIP Byte-Order Backend,requirement,REQ_PAL_BYTE_HTONS; REQ_PAL_BYTE_NTOHS; REQ_PAL_BYTE_HTONL; REQ_PAL_BYTE_NTOHL,,TC_test_udp_transport_UdpTransportTest,No,Yes
REQ_PLATFORM_POSIX_001,POSIX/Host Threading Backend,requirement,REQ_PAL_MUTEX_LOCK; REQ_PAL_MUTEX_UNLOCK; REQ_PAL_MUTEX_TRYLOCK; REQ_PAL_CV_WAIT; REQ_PAL_CV_WAIT_PRED; REQ_PAL_CV_NOTIFY_ONE; REQ_PAL_CV_NOTIFY_ALL; REQ_PAL_CV_OWNERSHIP; REQ_PAL_THREAD_CREATE; REQ_PAL_THREAD_JOINABLE; REQ_PAL_THREAD_JOIN; REQ_PAL_LOCK_ACQUIRE; REQ_PAL_LOCK_RELEASE; REQ_PAL_SLEEP_DURATION; REQ_PAL_SLEEP_ZERO,CODE_thread_impl_posix_28,TC_test_platform_threading_14,Yes,Yes
REQ_PLATFORM_POSIX_002,POSIX/Host Memory Backend,requirement,REQ_PAL_MEM_ALLOC; REQ_PAL_MEM_INDEPENDENT,CODE_memory_impl_posix_16,TC_test_platform_threading_14; TC_PAL_MEMORY_001,Yes,Yes
REQ_PLATFORM_POSIX_003,POSIX/Host Networking Backend,requirement,REQ_PAL_NET_CLOSE; REQ_PAL_NET_SHUTDOWN; REQ_PAL_NET_NONBLOCK; REQ_PAL_NET_BLOCK,CODE_net_impl_posix_33,TC_test_platform_threading_14; TC_PAL_NET_002,Yes,Yes
REQ_PLATFORM_POSIX_004,POSIX/Host Byte-Order Backend,requirement,REQ_PAL_BYTE_HTONS; REQ_PAL_BYTE_NTOHS; REQ_PAL_BYTE_HTONL; REQ_PAL_BYTE_NTOHL,CODE_byteorder_impl_posix_16,TC_test_platform_threading_14; TC_PAL_BYTEORDER_001,Yes,Yes
REQ_PLATFORM_THREADX_001,ThreadX Threading Backend,requirement,REQ_PAL_MUTEX_LOCK; REQ_PAL_MUTEX_UNLOCK; REQ_PAL_MUTEX_TRYLOCK; REQ_PAL_CV_WAIT; REQ_PAL_CV_WAIT_PRED; REQ_PAL_CV_NOTIFY_ONE; REQ_PAL_CV_NOTIFY_ALL; REQ_PAL_CV_OWNERSHIP; REQ_PAL_THREAD_CREATE; REQ_PAL_THREAD_JOINABLE; REQ_PAL_THREAD_JOIN; REQ_PAL_LOCK_ACQUIRE; REQ_PAL_LOCK_RELEASE; REQ_PAL_SLEEP_DURATION; REQ_PAL_SLEEP_ZERO,CODE_thread_impl_threadx_51,TC_test_pal_threadx_mock_allocate_message; TC_test_threadx_core_7,Yes,Yes
REQ_PLATFORM_THREADX_002,ThreadX Memory Pool Backend,requirement,REQ_PAL_MEM_ALLOC; REQ_PAL_MEM_INDEPENDENT,CODE_memory_threadx_86; CODE_memory_impl_threadx_23,TC_test_pal_threadx_mock_allocate_message; TC_test_threadx_core_7,Yes,Yes
REQ_PLATFORM_WIN32_001,Win32 Threading Backend,requirement,REQ_PAL_MUTEX_LOCK; REQ_PAL_MUTEX_UNLOCK; REQ_PAL_MUTEX_TRYLOCK; REQ_PAL_CV_WAIT; REQ_PAL_CV_WAIT_PRED; REQ_PAL_CV_NOTIFY_ONE; REQ_PAL_CV_NOTIFY_ALL; REQ_PAL_CV_OWNERSHIP; REQ_PAL_THREAD_CREATE; REQ_PAL_THREAD_JOINABLE; REQ_PAL_THREAD_JOIN; REQ_PAL_LOCK_ACQUIRE; REQ_PAL_LOCK_RELEASE; REQ_PAL_SLEEP_DURATION; REQ_PAL_SLEEP_ZERO,,TC_test_platform_threading_14,No,Yes
REQ_PLATFORM_WIN32_002,Win32 Memory Backend,requirement,REQ_PAL_MEM_ALLOC; REQ_PAL_MEM_INDEPENDENT,,TC_test_platform_threading_14,No,Yes
REQ_PLATFORM_WIN32_003,Win32 Networking Backend,requirement,REQ_PAL_NET_CLOSE; REQ_PAL_NET_SHUTDOWN; REQ_PAL_NET_NONBLOCK; REQ_PAL_NET_BLOCK,,TC_test_platform_threading_14,No,Yes
REQ_PLATFORM_WIN32_004,Win32 Byte-Order Backend,requirement,REQ_PAL_BYTE_HTONS; REQ_PAL_BYTE_NTOHS; REQ_PAL_BYTE_HTONL; REQ_PAL_BYTE_NTOHL,,TC_test_platform_threading_14,No,Yes
REQ_PLATFORM_ZEPHYR_001,Zephyr Threading Backend,requirement,REQ_PAL_MUTEX_LOCK; REQ_PAL_MUTEX_UNLOCK; REQ_PAL_MUTEX_TRYLOCK; REQ_PAL_CV_WAIT; REQ_PAL_CV_WAIT_PRED; REQ_PAL_CV_NOTIFY_ONE; REQ_PAL_CV_NOTIFY_ALL; REQ_PAL_CV_OWNERSHIP; REQ_PAL_THREAD_CREATE; REQ_PAL_THREAD_JOINABLE; REQ_PAL_THREAD_JOIN; REQ_PAL_LOCK_ACQUIRE; REQ_PAL_LOCK_RELEASE; REQ_PAL_SLEEP_DURATION; REQ_PAL_SLEEP_ZERO,CODE_thread_impl_zephyr_26,TC_test_pal_zephyr_mock_allocate_message,Yes,Yes
REQ_PLATFORM_ZEPHYR_002,Zephyr Memory Pool Backend,requirement,REQ_PAL_MEM_ALLOC; REQ_PAL_MEM_INDEPENDENT,CODE_memory_impl_zephyr_17; CODE_memory_impl_zephyr_19,TC_test_pal_zephyr_mock_allocate_message,Yes,Yes
REQ_PLATFORM_ZEPHYR_003,Zephyr Networking Backend,requirement,REQ_PAL_NET_CLOSE; REQ_PAL_NET_SHUTDOWN; REQ_PAL_NET_NONBLOCK; REQ_PAL_NET_BLOCK,,TC_test_pal_zephyr_mock_allocate_message,No,Yes
REQ_PLATFORM_ZEPHYR_004,Zephyr Byte-Order Backend,requirement,REQ_PAL_BYTE_HTONS; REQ_PAL_BYTE_NTOHS; REQ_PAL_BYTE_HTONL; REQ_PAL_BYTE_NTOHL,,TC_test_pal_zephyr_mock_allocate_message,No,Yes
REQ_SD_001,SD Service ID,requirement,feat_req_someipsd_141,CODE_sd_message_sd_30,TC_test_sd_SdTest; TC_SD_001,Yes,Yes
REQ_SD_001_E01,Error - SD Message Too Short,requirement,,CODE_sd_message_sd_72,TC_test_sd_SdTest; TC_SD_DESER_001; TC_SD_DESER_002; TC_SD_E01,Yes,Yes
REQ_SD_001_E02,Error - SD Entries Length Mismatch,requirement,,CODE_sd_message_sd_72,TC_test_sd_SdTest; TC_SD_E01,Yes,Yes
REQ_SD_002,SD Method ID,requirement,feat_req_someipsd_142,CODE_sd_message_sd_30,TC_test_sd_SdTest; TC_SD_001,Yes,Yes
REQ_SD_003,SD Client ID,requirement,feat_req_someipsd_144,CODE_sd_message_sd_30,TC_test_sd_SdTest; TC_SD_010,Yes,Yes
REQ_SD_004,SD Protocol Version,requirement,feat_req_someipsd_147,CODE_sd_message_sd_30,TC_test_sd_SdTest; TC_SD_010,Yes,Yes
REQ_SD_005,SD Interface Version,requirement,feat_req_someipsd_148,CODE_sd_message_sd_30,TC_test_sd_SdTest; TC_SD_010,Yes,Yes
REQ_SD_006,SD Message Type,requirement,feat_req_someipsd_205,CODE_sd_message_sd_30,TC_test_sd_SdTest; TC_SD_010,Yes,Yes
REQ_SD_007,SD Return Code,requirement,feat_req_someipsd_208; feat_req_someipsd_209,CODE_sd_message_sd_30,TC_test_sd_SdTest; TC_SD_010,Yes,Yes
REQ_SD_010,Parse SD Flags Byte,requirement,feat_req_someipsd_100; feat_req_someipsd_209; feat_req_someipsd_213,CODE_sd_message_sd_30,TC_test_sd_SdTest; TC_SD_003,Yes,Yes
REQ_SD_010_E01,Error - SD Session ID Non-Incremental,requirement,,CODE_sd_message_sd_72,TC_test_sd_SdTest; TC_SD_DESER_001; TC_SD_E02,Yes,Yes
REQ_SD_010_E02,Error - SD Reserved Flags,requirement,,CODE_sd_message_sd_72,TC_test_sd_SdTest; TC_SD_E02,Yes,Yes
REQ_SD_011,Extract Reboot Flag,requirement,feat_req_someipsd_213,CODE_sd_message_sd_30,TC_test_sd_SdTest; TC_SD_003,Yes,Yes
REQ_SD_012,Extract Unicast Flag,requirement,feat_req_someipsd_100; feat_req_someipsd_213,CODE_sd_message_sd_30,TC_test_sd_SdTest; TC_SD_003,Yes,Yes
REQ_SD_013,Validate Reserved Flags,requirement,feat_req_someipsd_213,CODE_sd_message_sd_30,TC_test_sd_SdTest,Yes,Yes
REQ_SD_014,Ignore Reserved Flags on Receive,requirement,feat_req_someipsd_148; feat_req_someipsd_213,CODE_sd_message_sd_30,TC_test_sd_SdTest,Yes,Yes
REQ_SD_020,Parse Entries Length Field,requirement,feat_req_someipsd_575,CODE_sd_message_sd_30,TC_test_sd_SdTest; TC_SD_006,Yes,Yes
REQ_SD_020_E01,Error - Invalid Entries Length,requirement,,CODE_sd_message_sd_72,TC_test_sd_SdTest; TC_SD_DESER_002,Yes,Yes
REQ_SD_020_E02,Error - Entries Length Not Multiple of Entry Size,requirement,,CODE_sd_message_sd_72,TC_test_sd_SdTest; TC_SD_DESER_003,Yes,Yes
REQ_SD_021,Parse Entry Type,requirement,feat_req_someipsd_575; feat_req_someipsd_625; feat_req_someipsd_626,CODE_sd_message_sd_30,TC_test_sd_SdTest; TC_SD_006,Yes,Yes
REQ_SD_021_E01,Error - SD Options Array Too Large,requirement,,CODE_sd_message_sd_72,TC_test_sd_SdTest; TC_SD_DESER_003,Yes,Yes
REQ_SD_022,Entry Size Calculation,requirement,feat_req_someipsd_575; feat_req_someipsd_625,CODE_sd_message_sd_30,TC_test_sd_SdTest; TC_SD_006,Yes,Yes
REQ_SD_022_E01,Error - Truncated Entry,requirement,,CODE_sd_message_sd_72,TC_test_sd_SdTest; TC_SD_DESER_004,Yes,Yes
REQ_SD_023,Parse Type 0 Find Service Entry,requirement,feat_req_someipsd_626,CODE_sd_message_sd_30,TC_test_sd_SdTest; TC_SD_006,Yes,Yes
REQ_SD_024,Parse Type 1 Offer Service Entry,requirement,feat_req_someipsd_626,CODE_sd_message_sd_30,TC_test_sd_SdTest,Yes,Yes
REQ_SD_025,Parse Type 6 Subscribe Eventgroup Entry,requirement,feat_req_someipsd_629,CODE_sd_message_sd_30,TC_test_sd_SdTest,Yes,Yes
REQ_SD_026,Parse Type 7 Subscribe Eventgroup Ack Entry,requirement,feat_req_someipsd_630,CODE_sd_message_sd_30,TC_test_sd_SdTest,Yes,Yes
REQ_SD_030,Parse Service ID in Entry,requirement,feat_req_someipsd_625,CODE_sd_message_sd_30,TC_test_sd_SdTest; TC_SD_INTEGRATION_001,Yes,Yes
REQ_SD_030_E01,Error - SD Entry References No Options,requirement,,CODE_sd_message_sd_466,TC_test_sd_SdTest; TC_SD_E03,Yes,Yes
REQ_SD_031,Parse Instance ID in Entry,requirement,feat_req_someipsd_625,CODE_sd_message_sd_30,TC_test_sd_SdTest; TC_SD_INTEGRATION_001,Yes,Yes
REQ_SD_032,Instance ID Wildcard,requirement,feat_req_someipsd_625; feat_req_someipsd_734,CODE_sd_message_sd_30,TC_test_sd_SdTest; TC_SD_INTEGRATION_001,Yes,Yes
REQ_SD_033,Parse Major Version and TTL,requirement,feat_req_someipsd_625,CODE_sd_message_sd_30,TC_test_sd_SdTest; TC_SD_INTEGRATION_002,Yes,Yes
REQ_SD_034,Parse Minor Version,requirement,feat_req_someipsd_625,CODE_sd_message_sd_30,TC_test_sd_SdTest; TC_SD_INTEGRATION_002,Yes,Yes
REQ_SD_035,Parse Eventgroup ID,requirement,feat_req_someipsd_629,CODE_sd_message_sd_30,TC_test_sd_SdTest,Yes,Yes
REQ_SD_040,Store Service Offer TTL,requirement,feat_req_someipsd_748,CODE_sd_message_sd_90,TC_test_sd_SdTest,Yes,Yes
REQ_SD_040_E01,Error - Service List Full,requirement,,CODE_sd_message_sd_111,TC_test_sd_SdTest; TC_SD_DESER_004; TC_SD_SERVER_001,Yes,Yes
REQ_SD_041,Decrement TTL Periodically,requirement,feat_req_someipsd_748,CODE_sd_message_sd_90,TC_test_sd_SdTest,Yes,Yes
REQ_SD_041_E01,Error - TTL Underflow Protection,requirement,,CODE_sd_message_sd_111,TC_test_sd_SdTest; TC_SD_DESER_005; TC_SD_CLIENT_001,Yes,Yes
REQ_SD_042,Remove Service on TTL Expiry,requirement,feat_req_someipsd_748,CODE_sd_message_sd_90,TC_test_sd_SdTest,Yes,Yes
REQ_SD_043,Infinite TTL Value,requirement,feat_req_someipsd_748,CODE_sd_message_sd_90,TC_test_sd_SdTest,Yes,Yes
REQ_SD_044,Stop Offer TTL Zero,requirement,feat_req_someipsd_748,CODE_sd_message_sd_90,TC_test_sd_SdTest,Yes,Yes
REQ_SD_044_E01,Error - SD Entry With Invalid TTL Format,requirement,,CODE_sd_message_sd_111,TC_test_sd_SdTest,Yes,Yes
REQ_SD_045,Reset TTL on New Offer,requirement,feat_req_someipsd_748,CODE_sd_message_sd_90,TC_test_sd_SdTest,Yes,Yes
REQ_SD_046,Notify Application on Service Availability Change,requirement,feat_req_someipsd_14,CODE_sd_message_sd_90,TC_test_sd_SdTest,Yes,Yes
REQ_SD_050,Track Session ID per Endpoint,requirement,feat_req_someipsd_795,CODE_sd_message_sd_90,TC_test_sd_SdTest; TC_SD_007,Yes,Yes
REQ_SD_050_E01,Error - SD Malformed Option Length,requirement,,CODE_sd_message_sd_111,TC_test_sd_SdTest; TC_SD_DESER_005; TC_SD_E04,Yes,Yes
REQ_SD_051,Compare Session ID for Reboot Detection,requirement,feat_req_someipsd_795,CODE_sd_message_sd_90,TC_test_sd_SdTest; TC_SD_007,Yes,Yes
REQ_SD_052,Detect Reboot on Session ID Regression,requirement,feat_req_someipsd_795,CODE_sd_message_sd_90,TC_test_sd_SdTest; TC_SD_007,Yes,Yes
REQ_SD_052_E01,Error - Session ID Wrap-Around Handling,requirement,,CODE_sd_message_sd_111,TC_test_sd_SdTest; TC_SD_DESER_006,Yes,Yes
REQ_SD_053,Detect Reboot on Reboot Flag,requirement,feat_req_someipsd_795,CODE_sd_message_sd_90,TC_test_sd_SdTest; TC_SD_007,Yes,Yes
REQ_SD_054,Trigger Reboot Detection Event,requirement,feat_req_someipsd_795,CODE_sd_message_sd_90,TC_test_sd_SdTest; TC_SD_007,Yes,Yes
REQ_SD_055,Clear Cached Services on Reboot,requirement,feat_req_someipsd_795,CODE_sd_message_sd_90,TC_test_sd_SdTest,Yes,Yes
REQ_SD_056,Update Stored Session ID,requirement,feat_req_someipsd_795,CODE_sd_message_sd_90,TC_test_sd_SdTest,Yes,Yes
REQ_SD_060,Parse Options Length Field,requirement,feat_req_someipsd_1096,CODE_sd_message_sd_136,TC_test_sd_SdTest; TC_SD_002; TC_SD_004; TC_SD_005; TC_SD_008,Yes,Yes
REQ_SD_060_E01,Error - SD Offer Without Endpoint Option,requirement,,CODE_sd_message_sd_159,TC_test_sd_SdTest; TC_SD_DESER_006; TC_SD_E05,Yes,Yes
REQ_SD_060_E02,Error - SD TTL Zero in Offer,requirement,,CODE_sd_message_sd_159,TC_test_sd_SdTest; TC_SD_E05,Yes,Yes
REQ_SD_061,Parse Option Type,requirement,feat_req_someipsd_1096; feat_req_someipsd_1112,CODE_sd_message_sd_136,TC_test_sd_SdTest; TC_SD_002,Yes,Yes
REQ_SD_061_E01,Error - Invalid Option Type,requirement,,CODE_sd_message_sd_159,TC_test_sd_SdTest; TC_SD_DESER_007,Yes,Yes
REQ_SD_062,Parse Option Length,requirement,feat_req_someipsd_1096; feat_req_someipsd_1112,CODE_sd_message_sd_136,TC_test_sd_SdTest; TC_SD_002,Yes,Yes
REQ_SD_062_E01,Error - Truncated Option,requirement,,CODE_sd_message_sd_159,TC_test_sd_SdTest; TC_SD_DESER_007,Yes,Yes
REQ_SD_063,Parse IPv4 Endpoint Option Type,requirement,feat_req_someipsd_1112,CODE_sd_message_sd_136,TC_test_sd_SdTest; TC_SD_004; TC_SD_005; TC_SD_008,Yes,Yes
REQ_SD_064,Extract IPv4 Address,requirement,feat_req_someipsd_1112,CODE_sd_message_sd_136,TC_test_sd_SdTest; TC_SD_004; TC_SD_005; TC_SD_008,Yes,Yes
REQ_SD_064_E01,Error - Invalid IP Address,requirement,,CODE_sd_message_sd_159; CODE_sd_message_sd_244; CODE_sd_message_sd_326,TC_test_sd_SdTest; TC_SD_DESER_008,Yes,Yes
REQ_SD_065,Extract IPv4 Port Number,requirement,feat_req_someipsd_1112,CODE_sd_message_sd_136,TC_test_sd_SdTest; TC_SD_004; TC_SD_005,Yes,Yes
REQ_SD_066,Extract IPv4 Protocol,requirement,feat_req_someipsd_1112,CODE_sd_message_sd_136,TC_test_sd_SdTest; TC_SD_009,Yes,Yes
REQ_SD_067,Parse IPv6 Endpoint Option Type,requirement,feat_req_someipsd_1112,CODE_sd_message_sd_136,TC_test_sd_SdTest; TC_SD_009,Yes,Yes
REQ_SD_068,Extract IPv6 Address,requirement,feat_req_someipsd_1112,CODE_sd_message_sd_136,TC_test_sd_SdTest; TC_SD_009,Yes,Yes
REQ_SD_069,Extract IPv6 Port Number,requirement,feat_req_someipsd_1112,CODE_sd_message_sd_136,TC_test_sd_SdTest,Yes,Yes
REQ_SD_070,Extract IPv6 Protocol,requirement,feat_req_someipsd_1112,CODE_sd_message_sd_136,TC_test_sd_SdTest,Yes,Yes
REQ_SD_070_E01,Error - SD FindService Timeout,requirement,,CODE_sd_message_sd_159,TC_test_sd_SdTest; TC_SD_E06,Yes,Yes
REQ_SD_071,Parse Configuration Option Type,requirement,feat_req_someipsd_1163,CODE_sd_message_sd_136,TC_test_sd_SdTest,Yes,Yes
REQ_SD_072,Parse Configuration String,requirement,feat_req_someipsd_1163,CODE_sd_message_sd_136,TC_test_sd_SdTest,Yes,Yes
REQ_SD_073,Parse IPv4 Multicast Option Type,requirement,feat_req_someipsd_1112,CODE_sd_message_sd_136,TC_test_sd_SdTest,Yes,Yes
REQ_SD_074,Parse IPv6 Multicast Option Type,requirement,feat_req_someipsd_1112,CODE_sd_message_sd_136,TC_test_sd_SdTest,Yes,Yes
REQ_SD_075,Parse First Option Index,requirement,feat_req_someipsd_625,CODE_sd_message_sd_136,TC_test_sd_SdTest,Yes,Yes
REQ_SD_075_E01,Error - Option Index Out of Range,requirement,,CODE_sd_message_sd_159,TC_test_sd_SdTest; TC_SD_DESER_008,Yes,Yes
REQ_SD_076,Parse Second Option Index,requirement,feat_req_someipsd_625,CODE_sd_message_sd_136,TC_test_sd_SdTest,Yes,Yes
REQ_SD_077,Parse Option Counts,requirement,feat_req_someipsd_625,CODE_sd_message_sd_136,TC_test_sd_SdTest,Yes,Yes
REQ_SD_080,Service Find State,requirement,feat_req_someipsd_632,CODE_sd_client_sd_63; CODE_sd_server_sd_65,TC_test_sd_SdTest,Yes,Yes
REQ_SD_080_E01,Error - SD Subscription Conflict,requirement,,CODE_sd_server_sd_65,TC_test_sd_SdTest; TC_SD_E07,Yes,Yes
REQ_SD_081,Send Find Service Message,requirement,feat_req_someipsd_632,CODE_sd_client_sd_63; CODE_sd_server_sd_65,TC_test_sd_SdTest,Yes,Yes
REQ_SD_082,Service Available State,requirement,feat_req_someipsd_632,CODE_sd_client_sd_63; CODE_sd_server_sd_65,TC_test_sd_SdTest,Yes,Yes
REQ_SD_083,Offer Service Generation,requirement,feat_req_someipsd_633,CODE_sd_client_sd_63; CODE_sd_server_sd_65,TC_test_sd_SdTest,Yes,Yes
REQ_SD_083_E01,Error - SD Multiple Subscriptions Same Client,requirement,,CODE_sd_server_sd_65,TC_test_sd_SdTest; TC_SD_E08,Yes,Yes
REQ_SD_084,Stop Offer Generation,requirement,feat_req_someipsd_634,CODE_sd_client_sd_63; CODE_sd_server_sd_65,TC_test_sd_SdTest,Yes,Yes
REQ_SD_090,Subscribe Eventgroup Request,requirement,feat_req_someipsd_629,CODE_sd_client_sd_83; CODE_sd_server_sd_88,TC_test_sd_SdTest; TC_SD_INTEGRATION_003,Yes,Yes
REQ_SD_091,Subscribe Eventgroup Acknowledgment,requirement,feat_req_someipsd_630,CODE_sd_client_sd_83; CODE_sd_server_sd_88,TC_test_sd_SdTest; TC_SD_INTEGRATION_003,Yes,Yes
REQ_SD_092,Subscribe Eventgroup Negative Acknowledgment,requirement,feat_req_someipsd_630,CODE_sd_client_sd_83; CODE_sd_server_sd_88,TC_test_sd_SdTest; TC_SD_INTEGRATION_003,Yes,Yes
REQ_SD_093,Subscription Renewal,requirement,feat_req_someipsd_748,CODE_sd_client_sd_83; CODE_sd_server_sd_88,TC_test_sd_SdTest; TC_SD_INTEGRATION_003,Yes,Yes
REQ_SD_094,Stop Subscribe Generation,requirement,feat_req_someipsd_629,CODE_sd_client_sd_83; CODE_sd_server_sd_88,TC_test_sd_SdTest,Yes,Yes
REQ_SD_100,Initial Offer Delay,requirement,feat_req_someipsd_425,CODE_sd_client_sd_103; CODE_sd_server_sd_112,TC_test_sd_SdTest,Yes,Yes
REQ_SD_101,Offer Repetition,requirement,feat_req_someipsd_425,CODE_sd_client_sd_103; CODE_sd_server_sd_112,TC_test_sd_SdTest,Yes,Yes
REQ_SD_102,Cyclic Offer,requirement,feat_req_someipsd_425,CODE_sd_client_sd_103; CODE_sd_server_sd_112,TC_test_sd_SdTest,Yes,Yes
REQ_SD_103,Find Repetition,requirement,feat_req_someipsd_632,CODE_sd_client_sd_103; CODE_sd_server_sd_112,TC_test_sd_SdTest,Yes,Yes
REQ_SD_110,SD Initial Wait Phase,requirement,feat_req_someipsd_63; feat_req_someipsd_64; feat_req_someipsd_65; feat_req_someipsd_773,CODE_sd_server_sd_112; CODE_sd_server_sd_344,TC_test_sd_SdTest,Yes,Yes
REQ_SD_111,SD Repetition Phase,requirement,feat_req_someipsd_67; feat_req_someipsd_73; feat_req_someipsd_76; feat_req_someipsd_867,CODE_sd_server_sd_112; CODE_sd_server_sd_344,TC_test_sd_SdTest,Yes,Yes
REQ_SD_112,SD Main Phase,requirement,feat_req_someipsd_79; feat_req_someipsd_80; feat_req_someipsd_81; feat_req_someipsd_425; feat_req_someipsd_866,CODE_sd_server_sd_112; CODE_sd_server_sd_344,TC_test_sd_SdTest,Yes,Yes
REQ_SD_113,SD Shutdown Behavior,requirement,feat_req_someipsd_820; feat_req_someipsd_821; feat_req_someipsd_830,CODE_sd_server_sd_112; CODE_sd_server_sd_344,TC_test_sd_SdTest,Yes,Yes
REQ_SD_113_E01,Error - SD Server Offers During Shutdown,requirement,,,TC_test_sd_SdTest; TC_SD_E09,No,Yes
REQ_SD_114,FindService Entry Processing,requirement,feat_req_someipsd_238; feat_req_someipsd_239; feat_req_someipsd_626; feat_req_someipsd_632,CODE_sd_client_sd_148; CODE_sd_client_sd_165,TC_test_sd_SdTest,Yes,Yes
REQ_SD_115,OfferService Entry Processing,requirement,feat_req_someipsd_252; feat_req_someipsd_253; feat_req_someipsd_633,CODE_sd_server_sd_190,TC_test_sd_SdTest,Yes,Yes
REQ_SD_115_E01,Error - SD Offer with Invalid Endpoint,requirement,,CODE_sd_server_sd_190,TC_test_sd_SdTest,Yes,Yes
REQ_SD_115_E02,Error - SD Duplicate Offer Handling,requirement,,CODE_sd_server_sd_190,TC_test_sd_SdTest,Yes,Yes
REQ_SD_116,StopOfferService Entry Processing,requirement,feat_req_someipsd_634; feat_req_someipsd_681,CODE_sd_client_sd_148; CODE_sd_client_sd_165,TC_test_sd_SdTest,Yes,Yes
REQ_SD_116_E01,Error - SD Subscription to Unavailable Service,requirement,,CODE_sd_client_sd_165; CODE_sd_client_sd_291,TC_test_sd_SdTest; TC_SD_E10,Yes,Yes
REQ_SD_116_E02,Error - SD ACK Timeout,requirement,,CODE_sd_client_sd_165,TC_test_sd_SdTest; TC_SD_E10,Yes,Yes
REQ_SD_117,SubscribeEventgroup Entry Processing,requirement,feat_req_someipsd_321; feat_req_someipsd_322; feat_req_someipsd_629,CODE_sd_server_sd_190,TC_test_sd_SdTest,Yes,Yes
REQ_SD_118,StopSubscribeEventgroup Processing,requirement,feat_req_someipsd_433; feat_req_someipsd_629,CODE_sd_server_sd_190,TC_test_sd_SdTest,Yes,Yes
REQ_SD_119,SubscribeEventgroupAck Processing,requirement,feat_req_someipsd_613; feat_req_someipsd_614; feat_req_someipsd_630,CODE_sd_server_sd_190,TC_test_sd_SdTest,Yes,Yes
REQ_SD_119_E01,Error - SD Unknown Entry Type,requirement,,CODE_sd_server_sd_190,TC_test_sd_SdTest; TC_SD_E11,Yes,Yes
REQ_SD_120,SubscribeEventgroupNack Processing,requirement,feat_req_someipsd_618; feat_req_someipsd_630,CODE_sd_message_sd_214,TC_test_sd_SdTest,Yes,Yes
REQ_SD_120_E01,Error - SD Option Index Out of Range,requirement,,CODE_sd_client_sd_171; CODE_sd_client_sd_211; CODE_sd_client_sd_291,TC_test_sd_SdTest; TC_SD_E12,Yes,Yes
REQ_SD_121,Load Balancing Option,requirement,feat_req_someipsd_145; feat_req_someipsd_174; feat_req_someipsd_175,CODE_sd_types_sd_38,TC_test_sd_SdTest,Yes,Yes
REQ_SD_122,IPv4 SD Endpoint Option,requirement,feat_req_someipsd_1081; feat_req_someipsd_1086,CODE_sd_message_sd_214,TC_test_sd_SdTest,Yes,Yes
REQ_SD_123,IPv6 SD Endpoint Option,requirement,feat_req_someipsd_1135,CODE_sd_message_sd_214,TC_test_sd_SdTest,Yes,Yes
REQ_SD_123_E01,Error - SD Invalid Multicast Address in Option,requirement,,CODE_sd_client_sd_171; CODE_sd_client_sd_211; CODE_sd_client_sd_291,TC_test_sd_SdTest,Yes,Yes
REQ_SD_124,Option Run Referencing,requirement,feat_req_someipsd_335; feat_req_someipsd_336; feat_req_someipsd_341,CODE_sd_types_sd_38,TC_test_sd_SdTest,Yes,Yes
REQ_SD_125,Handling Missing Options,requirement,feat_req_someipsd_1142,,TC_test_sd_SdTest,No,Yes
REQ_SD_126,Handling Redundant Options,requirement,feat_req_someipsd_1143; feat_req_someipsd_1144; feat_req_someipsd_1085,,TC_test_sd_SdTest,No,Yes
REQ_SD_127,Handling Conflicting Options,requirement,feat_req_someipsd_1145; feat_req_someipsd_1146,CODE_sd_client_sd_103,TC_test_sd_SdTest,Yes,Yes
REQ_SD_130,Server Service State Machine,requirement,feat_req_someipsd_627; feat_req_someipsd_628; feat_req_someipsd_629,CODE_sd_server_sd_112; CODE_sd_server_sd_344,TC_test_sd_SdTest,Yes,Yes
REQ_SD_131,Client Service State Machine,requirement,feat_req_someipsd_627; feat_req_someipsd_628; feat_req_someipsd_630,CODE_sd_client_sd_103; CODE_sd_types_sd_88,TC_test_sd_SdTest,Yes,Yes
REQ_SD_132,Eventgroup Subscription State Machine,requirement,feat_req_someipsd_632; feat_req_someipsd_633; feat_req_someipsd_634,CODE_sd_message_sd_301,TC_test_sd_SdTest,Yes,Yes
REQ_SD_134_E01,Error - SD Multicast Send Failure,requirement,,,TC_test_sd_SdTest,No,Yes
REQ_SD_140,Service Endpoint Association,requirement,feat_req_someipsd_810; feat_req_someipsd_815,CODE_sd_server_sd_112; CODE_sd_server_sd_344,TC_test_sd_SdTest,Yes,Yes
REQ_SD_141,Multicast Endpoint Association,requirement,feat_req_someipsd_722; feat_req_someipsd_723,CODE_sd_server_sd_112; CODE_sd_server_sd_344,TC_test_sd_SdTest,Yes,Yes
REQ_SD_142,Initial Event Sending,requirement,feat_req_someipsd_789; feat_req_someipsd_833,CODE_sd_server_sd_112; CODE_sd_server_sd_344,TC_test_sd_SdTest,Yes,Yes
REQ_SD_150,SD Malformed Message Handling,requirement,feat_req_someipsd_900; feat_req_someipsd_1220,CODE_sd_server_sd_112; CODE_sd_server_sd_344,TC_test_sd_SdTest,Yes,Yes
REQ_SD_151,SD Invalid Entry Handling,requirement,feat_req_someipsd_1141; feat_req_someipsd_1233,CODE_sd_server_sd_112; CODE_sd_server_sd_344,TC_test_sd_SdTest,Yes,Yes
REQ_SD_152,SD TTL Expiry Handling,requirement,feat_req_someipsd_681; feat_req_someipsd_682; feat_req_someipsd_748,CODE_sd_server_sd_112; CODE_sd_server_sd_344,TC_test_sd_SdTest,Yes,Yes
REQ_SD_160,SD Multicast Transmission,requirement,feat_req_someipsd_100; feat_req_someipsd_105,CODE_sd_client_sd_339; CODE_sd_message_sd_301,TC_test_sd_SdTest,Yes,Yes
REQ_SD_161,SD Unicast Response,requirement,feat_req_someipsd_90; feat_req_someipsd_91; feat_req_someipsd_826,CODE_sd_client_sd_339,TC_test_sd_SdTest,Yes,Yes
REQ_SD_170,SD Session ID Management,requirement,feat_req_someipsd_150; feat_req_someipsd_97,,TC_test_sd_SdTest,No,Yes
REQ_SD_171,SD Reboot Detection Response,requirement,feat_req_someipsd_764; feat_req_someipsd_765; feat_req_someipsd_872,,TC_test_sd_SdTest,No,Yes
REQ_SD_180,Minor Version Matching,requirement,feat_req_someipsd_238; feat_req_someipsd_736,CODE_sd_types_sd_88,TC_test_sd_SdTest,Yes,Yes
REQ_SD_200A,SD Message Structure - Flags and Reserved,requirement,feat_req_someipsd_38; feat_req_someipsd_39; feat_req_someipsd_40,CODE_sd_message_sd_408; CODE_sd_message_sd_466; CODE_sd_message_sd_24; CODE_sd_message_sd_202,TC_test_sd_SdTest,Yes,Yes
REQ_SD_200B,SD Entries Array Format,requirement,feat_req_someipsd_41; feat_req_someipsd_42; feat_req_someipsd_44,CODE_sd_message_sd_408; CODE_sd_message_sd_466; CODE_sd_message_sd_24; CODE_sd_message_sd_58,TC_test_sd_SdTest,Yes,Yes
REQ_SD_200C,SD Options Array Format,requirement,feat_req_someipsd_1; feat_req_someipsd_2; feat_req_someipsd_13,CODE_sd_message_sd_408; CODE_sd_message_sd_466; CODE_sd_message_sd_24; CODE_sd_message_sd_202,TC_test_sd_SdTest,Yes,Yes
REQ_SD_201,SD Transport Requirements,requirement,feat_req_someipsd_46; feat_req_someipsd_47,CODE_sd_message_sd_408; CODE_sd_message_sd_466,TC_test_sd_SdTest,Yes,Yes
REQ_SD_202,SD ECU Internal Interface,requirement,feat_req_someipsd_22; feat_req_someipsd_23; feat_req_someipsd_24; feat_req_someipsd_25; feat_req_someipsd_26; feat_req_someipsd_27; feat_req_someipsd_16; feat_req_someipsd_17; feat_req_someipsd_18,CODE_sd_message_sd_408; CODE_sd_message_sd_466,TC_test_sd_SdTest,Yes,Yes
REQ_SD_210,SD Header Field Parsing,requirement,feat_req_someipsd_59; feat_req_someipsd_61; feat_req_someipsd_62,CODE_sd_client_sd_103,TC_test_sd_SdTest,Yes,Yes
REQ_SD_211,SD Session ID Handling,requirement,feat_req_someipsd_96; feat_req_someipsd_94; feat_req_someipsd_863,CODE_sd_client_sd_103; CODE_sd_client_sd_171; CODE_sd_client_sd_339,TC_test_sd_SdTest,Yes,Yes
REQ_SD_212,SD Reboot Flag Management,requirement,feat_req_someipsd_83; feat_req_someipsd_84; feat_req_someipsd_85; feat_req_someipsd_87; feat_req_someipsd_89,CODE_sd_client_sd_103,TC_test_sd_SdTest,Yes,Yes
REQ_SD_220,SD Entry Common Fields,requirement,feat_req_someipsd_122; feat_req_someipsd_126; feat_req_someipsd_127; feat_req_someipsd_128; feat_req_someipsd_129; feat_req_someipsd_212; feat_req_someipsd_214,CODE_sd_server_sd_151; CODE_sd_server_sd_391,TC_test_sd_SdTest,Yes,Yes
REQ_SD_221,SD Service Entry Format,requirement,feat_req_someipsd_133; feat_req_someipsd_137; feat_req_someipsd_138; feat_req_someipsd_139; feat_req_someipsd_140,CODE_sd_server_sd_151; CODE_sd_server_sd_391,TC_test_sd_SdTest,Yes,Yes
REQ_SD_222,SD Eventgroup Entry Format,requirement,feat_req_someipsd_149; feat_req_someipsd_151; feat_req_someipsd_152; feat_req_someipsd_157; feat_req_someipsd_158,CODE_sd_server_sd_151; CODE_sd_server_sd_391,TC_test_sd_SdTest,Yes,Yes
REQ_SD_222_E01,Error - SD TTL Overflow Prevention,requirement,,,TC_test_sd_SdTest,No,Yes
REQ_SD_223,SD Entry Multiple Entries per Message,requirement,feat_req_someipsd_159; feat_req_someipsd_160; feat_req_someipsd_161; feat_req_someipsd_162; feat_req_someipsd_163; feat_req_someipsd_164,CODE_sd_server_sd_151; CODE_sd_server_sd_391,TC_test_sd_SdTest,Yes,Yes
REQ_SD_230,SD Configuration Option,requirement,feat_req_someipsd_182; feat_req_someipsd_183; feat_req_someipsd_184,CODE_sd_client_sd_171; CODE_sd_client_sd_211; CODE_sd_client_sd_339,TC_test_sd_SdTest,Yes,Yes
REQ_SD_231,SD Load Balancing Option Format,requirement,feat_req_someipsd_146; feat_req_someipsd_770,CODE_sd_client_sd_171; CODE_sd_client_sd_211,TC_test_sd_SdTest,Yes,Yes
REQ_SD_232,SD IPv4 Endpoint Option Format,requirement,feat_req_someipsd_197; feat_req_someipsd_199; feat_req_someipsd_200; feat_req_someipsd_201,CODE_sd_client_sd_171; CODE_sd_client_sd_211,TC_test_sd_SdTest,Yes,Yes
REQ_SD_233,SD IPv6 Endpoint Option Format,requirement,feat_req_someipsd_203; feat_req_someipsd_204,CODE_sd_client_sd_171; CODE_sd_client_sd_211; CODE_sd_client_sd_339,TC_test_sd_SdTest,Yes,Yes
REQ_SD_234,SD IPv4 Multicast Option Format,requirement,feat_req_someipsd_724; feat_req_someipsd_725; feat_req_someipsd_733; feat_req_someipsd_749,CODE_sd_client_sd_171; CODE_sd_client_sd_211; CODE_sd_client_sd_339,TC_test_sd_SdTest,Yes,Yes
REQ_SD_235,SD IPv6 Multicast Option Format,requirement,feat_req_someipsd_737; feat_req_someipsd_738; feat_req_someipsd_739; feat_req_someipsd_750,CODE_sd_client_sd_171; CODE_sd_client_sd_211; CODE_sd_client_sd_339,TC_test_sd_SdTest,Yes,Yes
REQ_SD_236,SD IPv4 SD Endpoint Option Format,requirement,feat_req_someipsd_1080; feat_req_someipsd_1082; feat_req_someipsd_1083; feat_req_someipsd_1084; feat_req_someipsd_1087,CODE_sd_message_sd_356; CODE_sd_message_sd_381,TC_test_sd_SdTest,Yes,Yes
REQ_SD_240,SD Option Index and Run Length,requirement,feat_req_someipsd_332; feat_req_someipsd_333; feat_req_someipsd_342; feat_req_someipsd_343,CODE_sd_client_sd_171; CODE_sd_client_sd_211; CODE_sd_client_sd_339,TC_test_sd_SdTest,Yes,Yes
REQ_SD_241,SD Option Run Processing,requirement,feat_req_someipsd_346; feat_req_someipsd_347; feat_req_someipsd_348; feat_req_someipsd_351,CODE_sd_client_sd_171,TC_test_sd_SdTest,Yes,Yes
REQ_SD_242,SD Option Validation,requirement,feat_req_someipsd_1095; feat_req_someipsd_1097; feat_req_someipsd_1098; feat_req_someipsd_1099; feat_req_someipsd_1100,CODE_sd_types_sd_26,TC_test_sd_SdTest,Yes,Yes
REQ_SD_243,SD Endpoint Option Processing,requirement,feat_req_someipsd_1101; feat_req_someipsd_1102; feat_req_someipsd_1103,CODE_sd_message_sd_356; CODE_sd_message_sd_381,TC_test_sd_SdTest,Yes,Yes
REQ_SD_250,SD FindService Message Construction,requirement,feat_req_someipsd_217; feat_req_someipsd_218; feat_req_someipsd_219; feat_req_someipsd_220,CODE_sd_server_sd_151; CODE_sd_server_sd_287; CODE_sd_server_sd_320,TC_test_sd_SdTest,Yes,Yes
REQ_SD_251,SD FindService Response Behavior,requirement,feat_req_someipsd_224; feat_req_someipsd_225; feat_req_someipsd_227; feat_req_someipsd_766; feat_req_someipsd_767,CODE_sd_server_sd_151; CODE_sd_server_sd_287; CODE_sd_server_sd_320,TC_test_sd_SdTest,Yes,Yes
REQ_SD_260,SD OfferService Message Construction,requirement,feat_req_someipsd_221; feat_req_someipsd_233; feat_req_someipsd_235; feat_req_someipsd_236; feat_req_someipsd_237,CODE_sd_server_sd_151; CODE_sd_server_sd_287; CODE_sd_server_sd_320,TC_test_sd_SdTest,Yes,Yes
REQ_SD_261,SD StopOfferService Construction,requirement,feat_req_someipsd_256; feat_req_someipsd_261; feat_req_someipsd_262,CODE_sd_message_sd_408; CODE_sd_message_sd_466,TC_test_sd_SdTest,Yes,Yes
REQ_SD_270,SD SubscribeEventgroup Construction,requirement,feat_req_someipsd_230; feat_req_someipsd_429; feat_req_someipsd_430; feat_req_someipsd_431; feat_req_someipsd_432; feat_req_someipsd_428,CODE_sd_server_sd_172,TC_test_sd_SdTest,Yes,Yes
REQ_SD_271,SD Subscription Lifecycle,requirement,feat_req_someipsd_435; feat_req_someipsd_436; feat_req_someipsd_437; feat_req_someipsd_439; feat_req_someipsd_444; feat_req_someipsd_445,CODE_sd_types_sd_77; CODE_sd_types_sd_110,TC_test_sd_SdTest,Yes,Yes
REQ_SD_272,SD SubscribeEventgroupAck Construction,requirement,feat_req_someipsd_612; feat_req_someipsd_613; feat_req_someipsd_614; feat_req_someipsd_619; feat_req_someipsd_844,CODE_sd_server_sd_172,TC_test_sd_SdTest,Yes,Yes
REQ_SD_273,SD SubscribeEventgroupNack Construction,requirement,feat_req_someipsd_617; feat_req_someipsd_869; feat_req_someipsd_870,CODE_sd_server_sd_172,TC_test_sd_SdTest,Yes,Yes
REQ_SD_274,SD StopSubscribeEventgroup Construction,requirement,feat_req_someipsd_433; feat_req_someipsd_440; feat_req_someipsd_441; feat_req_someipsd_442,CODE_sd_client_sd_412,TC_test_sd_SdTest,Yes,Yes
REQ_SD_280,SD Timing Configuration,requirement,feat_req_someipsd_66; feat_req_someipsd_68; feat_req_someipsd_72,CODE_sd_server_sd_516,TC_test_sd_SdTest,Yes,Yes
REQ_SD_281,SD Phase Transitions,requirement,feat_req_someipsd_74; feat_req_someipsd_75; feat_req_someipsd_77; feat_req_someipsd_419; feat_req_someipsd_422,CODE_sd_types_sd_88,TC_test_sd_SdTest,Yes,Yes
REQ_SD_282,SD Multicast Group Management,requirement,feat_req_someipsd_101; feat_req_someipsd_102; feat_req_someipsd_103; feat_req_someipsd_104,CODE_sd_message_sd_408; CODE_sd_message_sd_466,TC_test_sd_SdTest,Yes,Yes
REQ_SD_283,SD Response Delay Configuration,requirement,feat_req_someipsd_106; feat_req_someipsd_107; feat_req_someipsd_109,CODE_sd_server_sd_516,TC_test_sd_SdTest,Yes,Yes
REQ_SD_290,SD Server Endpoint Registration,requirement,feat_req_someipsd_806; feat_req_someipsd_807; feat_req_someipsd_808; feat_req_someipsd_809; feat_req_someipsd_811,CODE_sd_server_sd_417,TC_test_sd_SdTest,Yes,Yes
REQ_SD_291,SD Client Endpoint Resolution,requirement,feat_req_someipsd_812; feat_req_someipsd_813; feat_req_someipsd_814; feat_req_someipsd_816,CODE_sd_message_sd_408; CODE_sd_message_sd_466,TC_test_sd_SdTest,Yes,Yes
REQ_SD_292,SD Multicast Endpoint Handling,requirement,feat_req_someipsd_751; feat_req_someipsd_752; feat_req_someipsd_754; feat_req_someipsd_755; feat_req_someipsd_756; feat_req_someipsd_757; feat_req_someipsd_758,CODE_sd_server_sd_417,TC_test_sd_SdTest,Yes,Yes
REQ_SD_293,SD Endpoint Validation,requirement,feat_req_someipsd_1111; feat_req_someipsd_1113; feat_req_someipsd_1114; feat_req_someipsd_1169; feat_req_someipsd_1170; feat_req_someipsd_1171,CODE_sd_types_sd_60,TC_test_sd_SdTest,Yes,Yes
REQ_SD_300,SD Service Offer Processing,requirement,feat_req_someipsd_762; feat_req_someipsd_763; feat_req_someipsd_828; feat_req_someipsd_829,CODE_sd_server_sd_446,TC_test_sd_SdTest,Yes,Yes
REQ_SD_301,SD Service State Tracking,requirement,feat_req_someipsd_771; feat_req_someipsd_772; feat_req_someipsd_776; feat_req_someipsd_777; feat_req_someipsd_778,CODE_sd_message_sd_408; CODE_sd_message_sd_466,TC_test_sd_SdTest,Yes,Yes
REQ_SD_302,SD Subscription State Tracking,requirement,feat_req_someipsd_779; feat_req_someipsd_780; feat_req_someipsd_781; feat_req_someipsd_782; feat_req_someipsd_783,CODE_sd_message_sd_408; CODE_sd_message_sd_466,TC_test_sd_SdTest,Yes,Yes
REQ_SD_303,SD Service Registry Management,requirement,feat_req_someipsd_784; feat_req_someipsd_785; feat_req_someipsd_786; feat_req_someipsd_787; feat_req_someipsd_788,CODE_sd_message_sd_408; CODE_sd_message_sd_466,TC_test_sd_SdTest,Yes,Yes
REQ_SD_310,SD Graceful Shutdown,requirement,feat_req_someipsd_818; feat_req_someipsd_819; feat_req_someipsd_822; feat_req_someipsd_823; feat_req_someipsd_824,CODE_sd_types_sd_88,TC_test_sd_SdTest,Yes,Yes
REQ_SD_311,SD Reboot Recovery,requirement,feat_req_someipsd_871; feat_req_someipsd_793; feat_req_someipsd_794,CODE_sd_client_sd_291; CODE_sd_client_sd_320,TC_test_sd_SdTest,Yes,Yes
REQ_SD_312,SD Service Stop Handling,requirement,feat_req_someipsd_831; feat_req_someipsd_832; feat_req_someipsd_834,CODE_sd_server_sd_446,TC_test_sd_SdTest,Yes,Yes
REQ_SD_320,SD Non-SOME/IP Service Announcement,requirement,feat_req_someipsd_497; feat_req_someipsd_498; feat_req_someipsd_499; feat_req_someipsd_500; feat_req_someipsd_501; feat_req_someipsd_502; feat_req_someipsd_503,CODE_sd_message_sd_408; CODE_sd_message_sd_466,TC_test_sd_SdTest,Yes,Yes
REQ_SD_330,SD Initial Event Sending,requirement,feat_req_someipsd_833; feat_req_someipsd_1166; feat_req_someipsd_1167; feat_req_someipsd_1168,CODE_sd_server_sd_464,TC_test_sd_SdTest,Yes,Yes
REQ_SD_331,SD Initial Event Requesting,requirement,feat_req_someipsd_1191; feat_req_someipsd_1192; feat_req_someipsd_1193; feat_req_someipsd_946,CODE_sd_client_sd_291; CODE_sd_client_sd_320,TC_test_sd_SdTest,Yes,Yes
REQ_SD_340,SD Error Handling,requirement,feat_req_someipsd_1162; feat_req_someipsd_1164; feat_req_someipsd_1221; feat_req_someipsd_1227; feat_req_someipsd_1228,CODE_sd_types_sd_50,TC_test_sd_SdTest,Yes,Yes
REQ_SD_341,SD Option Conflict Resolution,requirement,feat_req_someipsd_1140; feat_req_someipsd_1147; feat_req_someipsd_1149,CODE_sd_server_sd_464,TC_test_sd_SdTest,Yes,Yes
REQ_SD_342,SD Security Considerations,requirement,feat_req_someipsd_1176; feat_req_someipsd_1177; feat_req_someipsd_1178; feat_req_someipsd_1179; feat_req_someipsd_1180; feat_req_someipsd_1182; feat_req_someipsd_1184,CODE_sd_server_sd_464,TC_test_sd_SdTest,Yes,Yes
REQ_SD_343,SD IPv4 SD Endpoint Processing,requirement,feat_req_someipsd_1151; feat_req_someipsd_1152; feat_req_someipsd_1153; feat_req_someipsd_1154; feat_req_someipsd_1155; feat_req_someipsd_1156,CODE_sd_server_sd_464,TC_test_sd_SdTest,Yes,Yes
REQ_SD_344,SD Mandatory Feature Set,requirement,feat_req_someipsd_1248; feat_req_someipsd_1249; feat_req_someipsd_1250; feat_req_someipsd_1251; feat_req_someipsd_1252; feat_req_someipsd_1253,CODE_sd_server_sd_464,TC_test_sd_SdTest,Yes,Yes
REQ_SD_345,SD Unicast Flag Processing,requirement,feat_req_someipsd_1187; feat_req_someipsd_1188,CODE_sd_server_sd_464,TC_test_sd_SdTest,Yes,Yes
REQ_SD_346,SD Service State Machine Details,requirement,feat_req_someipsd_624; feat_req_someipsd_631; feat_req_someipsd_684; feat_req_someipsd_691,CODE_sd_client_sd_339,TC_test_sd_SdTest,Yes,Yes
REQ_SD_347,SD Subscription Renewal,requirement,feat_req_someipsd_839; feat_req_someipsd_840; feat_req_someipsd_841; feat_req_someipsd_842; feat_req_someipsd_843,CODE_sd_server_sd_481,TC_test_sd_SdTest,Yes,Yes
REQ_SD_348,SD Publish/Subscribe Event Flow,requirement,feat_req_someipsd_836; feat_req_someipsd_837; feat_req_someipsd_838; feat_req_someipsd_1239,CODE_sd_client_sd_339,TC_test_sd_SdTest,Yes,Yes
REQ_SD_349,SD Duplicate Offer Handling,requirement,feat_req_someipsd_844; feat_req_someipsd_848; feat_req_someipsd_849; feat_req_someipsd_850; feat_req_someipsd_851,CODE_sd_server_sd_481,TC_test_sd_SdTest,Yes,Yes
REQ_SD_350,SD Entry Aggregation,requirement,feat_req_someipsd_852; feat_req_someipsd_853; feat_req_someipsd_854; feat_req_someipsd_855; feat_req_someipsd_856,CODE_sd_server_sd_481,TC_test_sd_SdTest,Yes,Yes
REQ_SD_351,SD Startup Behavior,requirement,feat_req_someipsd_857; feat_req_someipsd_858; feat_req_someipsd_862; feat_req_someipsd_864,CODE_sd_server_sd_481,TC_test_sd_SdTest,Yes,Yes
REQ_SD_352,SD Advanced Reboot Detection,requirement,feat_req_someipsd_796; feat_req_someipsd_797; feat_req_someipsd_798,CODE_sd_server_sd_481,TC_test_sd_SdTest,Yes,Yes
REQ_SD_353,SD Service Timeout Handling,requirement,feat_req_someipsd_790; feat_req_someipsd_791,CODE_sd_server_sd_481,TC_test_sd_SdTest,Yes,Yes
REQ_SD_354,SD Subscribe Multicast Handling,requirement,feat_req_someipsd_747; feat_req_someipsd_1134; feat_req_someipsd_1136; feat_req_someipsd_1137,CODE_sd_server_sd_481,TC_test_sd_SdTest,Yes,Yes
REQ_SD_355,SD Subscription Server State,requirement,feat_req_someipsd_877; feat_req_someipsd_878; feat_req_someipsd_879,CODE_sd_types_sd_77,TC_test_sd_SdTest,Yes,Yes
REQ_SD_356,SD Service Registration,requirement,feat_req_someipsd_1194; feat_req_someipsd_1195; feat_req_someipsd_1262; feat_req_someipsd_1297,CODE_sd_types_sd_60,TC_test_sd_SdTest,Yes,Yes
REQ_SER_001,Serialize uint8 Type,requirement,feat_req_someip_172; feat_req_someip_682; feat_req_someip_171,CODE_serializer_serialization_46,TC_test_serialization_21; TC_SER_002,Yes,Yes
REQ_SER_001_E01,Error - uint8 Buffer Overflow on Serialize,requirement,,CODE_serializer_serialization_46,TC_test_serialization_21,Yes,Yes
REQ_SER_002,Serialize uint16 Type,requirement,feat_req_someip_172; feat_req_someip_224; feat_req_someip_682,CODE_serializer_serialization_54,TC_test_serialization_21; TC_SER_003,Yes,Yes
REQ_SER_002_E01,Error - uint16 Buffer Overflow on Serialize,requirement,,CODE_serializer_serialization_54,TC_test_serialization_21,Yes,Yes
REQ_SER_003,Serialize uint32 Type,requirement,feat_req_someip_172; feat_req_someip_224; feat_req_someip_682,CODE_serializer_serialization_62,TC_test_serialization_21; TC_SER_004,Yes,Yes
REQ_SER_003_E01,Error - uint32 Buffer Overflow on Serialize,requirement,,CODE_serializer_serialization_62,TC_test_serialization_21,Yes,Yes
REQ_SER_004,Serialize uint64 Type,requirement,feat_req_someip_172; feat_req_someip_224; feat_req_someip_623; feat_req_someip_682,CODE_serializer_serialization_70,TC_test_serialization_21; TC_SER_007,Yes,Yes
REQ_SER_004_E01,Error - uint64 Buffer Overflow on Serialize,requirement,,CODE_serializer_serialization_70,TC_test_serialization_21,Yes,Yes
REQ_SER_005,Deserialize uint8 Type,requirement,feat_req_someip_172; feat_req_someip_682,CODE_serializer_serialization_223; CODE_serializer_serialization_264,TC_test_serialization_21; TC_SER_002,Yes,Yes
REQ_SER_005_E01,Error - uint8 Insufficient Data on Deserialize,requirement,,CODE_serializer_serialization_264,TC_test_serialization_21; TC_SER_030,Yes,Yes
REQ_SER_006,Deserialize uint16 Type,requirement,feat_req_someip_172; feat_req_someip_224; feat_req_someip_682,CODE_serializer_serialization_223; CODE_serializer_serialization_277,TC_test_serialization_21; TC_SER_003,Yes,Yes
REQ_SER_006_E01,Error - uint16 Insufficient Data on Deserialize,requirement,,CODE_serializer_serialization_277,TC_test_serialization_21; TC_SER_030,Yes,Yes
REQ_SER_007,Deserialize uint32 Type,requirement,feat_req_someip_172; feat_req_someip_224; feat_req_someip_682,CODE_serializer_serialization_223; CODE_serializer_serialization_290,TC_test_serialization_21; TC_SER_004,Yes,Yes
REQ_SER_007_E01,Error - uint32 Insufficient Data on Deserialize,requirement,,CODE_serializer_serialization_290,TC_test_serialization_21; TC_SER_030,Yes,Yes
REQ_SER_008,Deserialize uint64 Type,requirement,feat_req_someip_172; feat_req_someip_224; feat_req_someip_623; feat_req_someip_682,CODE_serializer_serialization_223; CODE_serializer_serialization_303,TC_test_serialization_21; TC_SER_007,Yes,Yes
REQ_SER_008_E01,Error - uint64 Insufficient Data on Deserialize,requirement,,CODE_serializer_serialization_303,TC_test_serialization_21; TC_SER_030,Yes,Yes
REQ_SER_010,Serialize int8 Type,requirement,feat_req_someip_172; feat_req_someip_682,CODE_serializer_serialization_78,TC_test_serialization_21; TC_SER_008,Yes,Yes
REQ_SER_010_E01,Error - Signed Integer Overflow Detection,requirement,,CODE_serializer_serialization_78,TC_test_serialization_21; TC_SER_E07; TC_SER_E07b,Yes,Yes
REQ_SER_011,Serialize int16 Type,requirement,feat_req_someip_172; feat_req_someip_224; feat_req_someip_682,CODE_serializer_serialization_86,TC_test_serialization_21; TC_SER_009,Yes,Yes
REQ_SER_012,Serialize int32 Type,requirement,feat_req_someip_172; feat_req_someip_224; feat_req_someip_682,CODE_serializer_serialization_94,TC_test_serialization_21,Yes,Yes
REQ_SER_013,Serialize int64 Type,requirement,feat_req_someip_172; feat_req_someip_224; feat_req_someip_623; feat_req_someip_682,CODE_serializer_serialization_102,TC_test_serialization_21,Yes,Yes
REQ_SER_014,Deserialize int8 Type,requirement,feat_req_someip_172; feat_req_someip_682,CODE_serializer_serialization_223,TC_test_serialization_21; TC_SER_008,Yes,Yes
REQ_SER_015,Deserialize int16 Type,requirement,feat_req_someip_172; feat_req_someip_224; feat_req_someip_682,CODE_serializer_serialization_223; CODE_serializer_serialization_324,TC_test_serialization_21; TC_SER_009; TC_SER_015,Yes,Yes
REQ_SER_016,Deserialize int32 Type,requirement,feat_req_someip_172; feat_req_someip_224; feat_req_someip_682,CODE_serializer_serialization_223; CODE_serializer_serialization_336,TC_test_serialization_21; TC_SER_016,Yes,Yes
REQ_SER_017,Deserialize int64 Type,requirement,feat_req_someip_172; feat_req_someip_224; feat_req_someip_623; feat_req_someip_682,CODE_serializer_serialization_223; CODE_serializer_serialization_348,TC_test_serialization_21; TC_SER_017,Yes,Yes
REQ_SER_020,Serialize Boolean True,requirement,feat_req_someip_172; feat_req_someip_817,CODE_serializer_serialization_38,TC_test_serialization_21; TC_SER_001,Yes,Yes
REQ_SER_020_E01,Error - Boolean Buffer Overflow on Serialize,requirement,,CODE_serializer_serialization_251,TC_test_serialization_21,Yes,Yes
REQ_SER_021,Serialize Boolean False,requirement,feat_req_someip_172; feat_req_someip_817,CODE_serializer_serialization_223; CODE_serializer_serialization_251,TC_test_serialization_21; TC_SER_001,Yes,Yes
REQ_SER_022,Deserialize Boolean False,requirement,feat_req_someip_172; feat_req_someip_817,CODE_serializer_serialization_223,TC_test_serialization_21,Yes,Yes
REQ_SER_022_E01,Error - Boolean Insufficient Data on Deserialize,requirement,,,TC_test_serialization_21,No,Yes
REQ_SER_023,Deserialize Boolean True from 0x01,requirement,feat_req_someip_172; feat_req_someip_817,CODE_serializer_serialization_223,TC_test_serialization_21,Yes,Yes
REQ_SER_024,Deserialize Boolean True from Non-Zero Values,requirement,feat_req_someip_172; feat_req_someip_817,CODE_serializer_serialization_223,TC_test_serialization_21,Yes,Yes
REQ_SER_030,Serialize float32 Type,requirement,feat_req_someip_172; feat_req_someip_224,CODE_serializer_serialization_110,TC_test_serialization_21; TC_SER_012; TC_SER_013,Yes,Yes
REQ_SER_030_E01,Error - float32 Buffer Overflow on Serialize,requirement,,CODE_serializer_serialization_110,TC_test_serialization_21,Yes,Yes
REQ_SER_031,Serialize float64 Type,requirement,feat_req_someip_172; feat_req_someip_224,CODE_serializer_serialization_118,TC_test_serialization_21; TC_SER_014,Yes,Yes
REQ_SER_031_E01,Error - float64 Buffer Overflow on Serialize,requirement,,CODE_serializer_serialization_118,TC_test_serialization_21,Yes,Yes
REQ_SER_032,Deserialize float32 Type,requirement,feat_req_someip_172; feat_req_someip_224,CODE_serializer_serialization_223; CODE_serializer_serialization_360,TC_test_serialization_21; TC_SER_012; TC_SER_013,Yes,Yes
REQ_SER_032_E01,Error - float32 Insufficient Data on Deserialize,requirement,,CODE_serializer_serialization_360,TC_test_serialization_21,Yes,Yes
REQ_SER_033,Deserialize float64 Type,requirement,feat_req_someip_172; feat_req_someip_224,CODE_serializer_serialization_223; CODE_serializer_serialization_373,TC_test_serialization_21; TC_SER_014,Yes,Yes
REQ_SER_033_E01,Error - float64 Insufficient Data on Deserialize,requirement,,CODE_serializer_serialization_373,TC_test_serialization_21,Yes,Yes
REQ_SER_034,Preserve float32 Special Values,requirement,feat_req_someip_172,CODE_serializer_serialization_223,TC_test_serialization_21; TC_SER_013,Yes,Yes
REQ_SER_034_E01,Error - Float NaN Comparison,requirement,,,TC_test_serialization_21; TC_SER_E04,No,Yes
REQ_SER_035,Preserve float64 Special Values,requirement,feat_req_someip_172,CODE_serializer_serialization_223,TC_test_serialization_21; TC_SER_013,Yes,Yes
REQ_SER_040,Serialize Fixed-Length Array,requirement,feat_req_someip_241; feat_req_someip_243; feat_req_someip_240; feat_req_someip_242; feat_req_someip_694,CODE_serializer_serialization_126,TC_test_serialization_21; TC_SER_005,Yes,Yes
REQ_SER_040_E01,Error - Array Exceeds Buffer on Serialize,requirement,,CODE_serializer_serialization_126,TC_test_serialization_21,Yes,Yes
REQ_SER_040_E02,Error - Nested Array Depth Limit,requirement,,CODE_serializer_serialization_126,TC_test_serialization_21; TC_SER_E11,Yes,Yes
REQ_SER_041,Calculate Fixed-Length Array Size,requirement,feat_req_someip_241; feat_req_someip_243; feat_req_someip_244; feat_req_someip_247,CODE_serializer_serialization_126,TC_test_serialization_21; TC_SER_005,Yes,Yes
REQ_SER_042,Deserialize Fixed-Length Array,requirement,feat_req_someip_241; feat_req_someip_243,CODE_serializer_serialization_126,TC_test_serialization_21; TC_SER_005,Yes,Yes
REQ_SER_042_E01,Error - Fixed Array Size Mismatch,requirement,,CODE_serializer_serialization_126,TC_test_serialization_21; TC_SER_E03,Yes,Yes
REQ_SER_043,Serialize Dynamic Array Length Field,requirement,feat_req_someip_254; feat_req_someip_257; feat_req_someip_581; feat_req_someip_253; feat_req_someip_261,CODE_serializer_serialization_223; CODE_serializer_serialization_386,TC_test_serialization_21; TC_SER_005,Yes,Yes
REQ_SER_043_E01,Error - Array Length Field Overflow,requirement,,CODE_serializer_serialization_386,TC_test_serialization_21,Yes,Yes
REQ_SER_043_E02,Error - Dynamic Array Length Exceeds Maximum,requirement,,,TC_test_serialization_21; TC_SER_E02,No,Yes
REQ_SER_044,Dynamic Array Length Field Precedes Data,requirement,feat_req_someip_254; feat_req_someip_255; feat_req_someip_256; feat_req_someip_258; feat_req_someip_673; feat_req_someip_674,CODE_serializer_serialization_223; CODE_serializer_serialization_386,TC_test_serialization_21; TC_SER_005,Yes,Yes
REQ_SER_045,Serialize Empty Dynamic Array,requirement,feat_req_someip_254; feat_req_someip_696,CODE_serializer_serialization_223; CODE_serializer_serialization_386,TC_test_serialization_21; TC_SER_005,Yes,Yes
REQ_SER_046,Deserialize Dynamic Array Length,requirement,feat_req_someip_254; feat_req_someip_257,CODE_serializer_serialization_223,TC_test_serialization_21,Yes,Yes
REQ_SER_046_E01,Error - Insufficient Data for Array Length,requirement,,,TC_test_serialization_21,No,Yes
REQ_SER_047,Deserialize Dynamic Array Elements,requirement,feat_req_someip_254; feat_req_someip_257,CODE_serializer_serialization_223,TC_test_serialization_21,Yes,Yes
REQ_SER_047_E01,Error - Insufficient Data for Array Elements,requirement,,CODE_serializer_serialization_386,TC_test_serialization_21,Yes,Yes
REQ_SER_047_E02,Error - Array Element Count Mismatch,requirement,,,TC_test_serialization_21,No,Yes
REQ_SER_050,Serialize String UTF-8 Encoding,requirement,feat_req_someip_233; feat_req_someip_234; feat_req_someip_235; feat_req_someip_687; feat_req_someip_236; feat_req_someip_665,CODE_serializer_serialization_126; CODE_serializer_serialization_143,TC_test_serialization_21; TC_SER_020; TC_SER_021,Yes,Yes
REQ_SER_050_E01,Error - String Invalid UTF-8 Sequence,requirement,,CODE_serializer_serialization_126,TC_test_serialization_21,Yes,Yes
REQ_SER_050_E02,Error - String Buffer Overflow on Serialize,requirement,,CODE_serializer_serialization_126,TC_test_serialization_21,Yes,Yes
REQ_SER_051,Serialize String Length Field,requirement,feat_req_someip_237; feat_req_someip_582; feat_req_someip_800,CODE_serializer_serialization_126; CODE_serializer_serialization_143,TC_test_serialization_21; TC_SER_020; TC_SER_021,Yes,Yes
REQ_SER_051_E01,Error - String Length Exceeds Buffer,requirement,,,TC_test_serialization_21; TC_SER_E01,No,Yes
REQ_SER_052,Serialize String BOM,requirement,feat_req_someip_662; feat_req_someip_800,CODE_serializer_serialization_143; CODE_serializer_serialization_161,TC_test_serialization_21; TC_SER_020; TC_SER_021,Yes,Yes
REQ_SER_053,Serialize String Null Terminator,requirement,feat_req_someip_233; feat_req_someip_687,CODE_serializer_serialization_223,TC_test_serialization_21,Yes,Yes
REQ_SER_053_E01,Error - String Missing Null Terminator,requirement,,,TC_test_serialization_21,No,Yes
REQ_SER_054,Serialize Empty String,requirement,feat_req_someip_237,CODE_serializer_serialization_223,TC_test_serialization_21,Yes,Yes
REQ_SER_055,Deserialize String Length,requirement,feat_req_someip_237; feat_req_someip_562; feat_req_someip_582,CODE_serializer_serialization_223,TC_test_serialization_21,Yes,Yes
REQ_SER_055_E01,Error - String Insufficient Data on Deserialize,requirement,,,TC_test_serialization_21,No,Yes
REQ_SER_056,Deserialize String Content,requirement,feat_req_someip_237,CODE_serializer_serialization_223,TC_test_serialization_21,Yes,Yes
REQ_SER_056_E01,Error - String Embedded Null,requirement,,,TC_test_serialization_21; TC_SER_E08,No,Yes
REQ_SER_060,Serialize Struct Members Sequentially,requirement,feat_req_someip_230; feat_req_someip_575; feat_req_someip_167; feat_req_someip_229; feat_req_someip_652,,TC_test_serialization_21; TC_SER_006,No,Yes
REQ_SER_060_E01,Error - Incomplete Struct Data,requirement,,,TC_test_serialization_21,No,Yes
REQ_SER_060_E02,Error - Struct Buffer Overflow on Serialize,requirement,,,TC_test_serialization_21,No,Yes
REQ_SER_061,No Implicit Padding in Structs,requirement,feat_req_someip_574; feat_req_someip_231; feat_req_someip_671,CODE_serializer_serialization_223,TC_test_serialization_21; TC_SER_006,Yes,Yes
REQ_SER_062,Explicit Alignment Configuration,requirement,feat_req_someip_169; feat_req_someip_711,CODE_serializer_serialization_223,TC_test_serialization_21; TC_SER_006,Yes,Yes
REQ_SER_063,Deserialize Struct Members Sequentially,requirement,feat_req_someip_168; feat_req_someip_230,CODE_serializer_serialization_223,TC_test_serialization_21; TC_SER_006,Yes,Yes
REQ_SER_070,Pre-Check Buffer Capacity,requirement,feat_req_someip_168,,TC_test_serialization_21; TC_SER_030,No,Yes
REQ_SER_070_E01,Error - Null Buffer Pointer,requirement,,,TC_test_serialization_21,No,Yes
REQ_SER_070_E02,Error - Zero Capacity Buffer,requirement,,,TC_test_serialization_21,No,Yes
REQ_SER_071,Return Error on Buffer Overflow,requirement,feat_req_someip_168,CODE_serializer_serialization_223,TC_test_serialization_21; TC_SER_030,Yes,Yes
REQ_SER_072,No Partial Writes on Overflow,requirement,feat_req_someip_168,CODE_serializer_serialization_223,TC_test_serialization_21; TC_SER_030,Yes,Yes
REQ_SER_073,Track Buffer Position,requirement,feat_req_someip_168,CODE_serializer_serialization_413,TC_test_serialization_21,Yes,Yes
REQ_SER_073_E01,Error - Deserialization Position Beyond Buffer,requirement,,,TC_test_serialization_21; TC_SER_E05,No,Yes
REQ_SER_074,Get Remaining Buffer Capacity,requirement,feat_req_someip_168,,TC_test_serialization_21,No,Yes
REQ_SER_075,Reset Buffer Position,requirement,feat_req_someip_168,CODE_serializer_serialization_243,TC_test_serialization_21,Yes,Yes
REQ_SER_080,Align to Boundary,requirement,feat_req_someip_169; feat_req_someip_711,CODE_serializer_serialization_143; CODE_serializer_serialization_429,TC_test_serialization_21,Yes,Yes
REQ_SER_080_E01,Error - Alignment Exceeds Buffer,requirement,,CODE_serializer_serialization_143,TC_test_serialization_21; TC_SER_E06,Yes,Yes
REQ_SER_080_E02,Error - Multiple Alignment Overflows,requirement,,CODE_serializer_serialization_143,TC_test_serialization_21; TC_SER_E09,Yes,Yes
REQ_SER_081,Alignment Padding Value,requirement,feat_req_someip_169; feat_req_someip_711,CODE_serializer_serialization_143; CODE_serializer_serialization_161; CODE_serializer_serialization_429,TC_test_serialization_21,Yes,Yes
REQ_SER_082,Skip Padding on Deserialize,requirement,feat_req_someip_169; feat_req_someip_711,CODE_serializer_serialization_143; CODE_serializer_serialization_429,TC_test_serialization_21,Yes,Yes
REQ_SER_090,Serialize Enumeration Type,requirement,feat_req_someip_651; feat_req_someip_650; feat_req_someip_692; feat_req_someip_693,,TC_test_serialization_21,No,Yes
REQ_SER_090_E01,Error - Enum Value Out of Defined Range,requirement,,,TC_test_serialization_21; TC_SER_E10,No,Yes
REQ_SER_091,Deserialize Undefined Enumeration Values,requirement,feat_req_someip_799,,TC_test_serialization_21,No,Yes
REQ_SER_092,Serialize Bitfield as Basic Type,requirement,feat_req_someip_689; feat_req_someip_688,,TC_test_serialization_21,No,Yes
REQ_SER_093,Bitfield Name Definition Support,requirement,feat_req_someip_690; feat_req_someip_691,,TC_test_serialization_21,No,Yes
REQ_SER_094A,Union Serialize with Type Field,requirement,feat_req_someip_263; feat_req_someip_264; feat_req_someip_262,,TC_test_serialization_21,No,Yes
REQ_SER_094B,Union Deserialize with Type Dispatch,requirement,feat_req_someip_273; feat_req_someip_274; feat_req_someip_275,,TC_test_serialization_21,No,Yes
REQ_SER_094C,Union Padding for Uniform Size,requirement,feat_req_someip_276; feat_req_someip_277; feat_req_someip_278; feat_req_someip_289; feat_req_someip_299,,TC_test_serialization_21,No,Yes
REQ_SER_094_E01,Error - Union Unknown Type ID,requirement,,,TC_test_serialization_21,No,Yes
REQ_SER_094_E02,Error - Union Data Size Mismatch,requirement,,,TC_test_serialization_21,No,Yes
REQ_SER_095,Union Length Field Configuration,requirement,feat_req_someip_272; feat_req_someip_563; feat_req_someip_566; feat_req_someip_571; feat_req_someip_300,,TC_test_serialization_21,No,Yes
REQ_SER_096,Union Type Field Configuration,requirement,feat_req_someip_564; feat_req_someip_565; feat_req_someip_573,,TC_test_serialization_21,No,Yes
REQ_SER_097,Union Zero-Length Same-Size Constraint,requirement,feat_req_someip_572; feat_req_someip_583,,TC_test_serialization_21,No,Yes
REQ_SER_098,Optional Parameter as Array,requirement,feat_req_someip_252; feat_req_someip_251; feat_req_someip_170,,TC_test_serialization_21,No,Yes
REQ_SER_099,Multidimensional Array Row-Major Order,requirement,feat_req_someip_246; feat_req_someip_245,,TC_test_serialization_21,No,Yes
REQ_SER_100,Multidimensional Dynamic Array Length Fields,requirement,feat_req_someip_259; feat_req_someip_260,,TC_test_serialization_21,No,Yes
REQ_SER_101,Dynamic Array Length Field Configuration,requirement,feat_req_someip_621,,TC_test_serialization_21,No,Yes
REQ_SER_102,UTF-16 String Support,requirement,feat_req_someip_234; feat_req_someip_639; feat_req_someip_640; feat_req_someip_641; feat_req_someip_642,,TC_test_serialization_21,No,Yes
REQ_SER_103,String BOM Validation,requirement,feat_req_someip_662; feat_req_someip_666,,TC_test_serialization_21,No,Yes
REQ_SER_104,Fixed-Length String Handling,requirement,feat_req_someip_232; feat_req_someip_233; feat_req_someip_239,,TC_test_serialization_21,No,Yes
REQ_SER_105,String Encoding Specification,requirement,feat_req_someip_235; feat_req_someip_238,,TC_test_serialization_21,No,Yes
REQ_SER_106,Struct Length Field Support,requirement,feat_req_someip_600; feat_req_someip_601; feat_req_someip_602,,TC_test_serialization_21,No,Yes
REQ_SER_107,Misaligned Struct Warning,requirement,feat_req_someip_577; feat_req_someip_671,,TC_test_serialization_21,No,Yes
REQ_TP_001,Calculate Segment Count,requirement,feat_req_someiptp_760; feat_req_someiptp_764; feat_req_someiptp_759,CODE_tp_segmenter_tp_31,TC_test_tp_TpTest; TC_TP_001,Yes,Yes
REQ_TP_001_E01,Error - Message Too Large,requirement,,CODE_tp_segmenter_tp_31,TC_test_tp_TpTest; TC_TP_ERR_001,Yes,Yes
REQ_TP_001_E02,Error - Segment Creation Failure,requirement,,CODE_tp_segmenter_tp_71,TC_test_tp_TpTest; TC_TP_ERR_001,Yes,Yes
REQ_TP_001_E03,Error - Empty Message Segmentation,requirement,,CODE_tp_segmenter_tp_71,TC_test_tp_TpTest; TC_TP_ERR_002,Yes,Yes
REQ_TP_002,Maximum Segment Payload Size,requirement,feat_req_someiptp_773,CODE_tp_segmenter_tp_31; CODE_tp_segmenter_tp_71,TC_test_tp_TpTest; TC_TP_002,Yes,Yes
REQ_TP_003,Segment Alignment,requirement,feat_req_someiptp_772,CODE_tp_segmenter_tp_31; CODE_tp_segmenter_tp_71,TC_test_tp_TpTest; TC_TP_003,Yes,Yes
REQ_TP_004,Last Segment Size,requirement,feat_req_someiptp_772,CODE_tp_segmenter_tp_31; CODE_tp_segmenter_tp_71,TC_test_tp_TpTest,Yes,Yes
REQ_TP_005,Preserve Original Message Fields,requirement,feat_req_someiptp_762; feat_req_someiptp_774,CODE_tp_segmenter_tp_71,TC_test_tp_TpTest,Yes,Yes
REQ_TP_006,Same Session ID for All Segments,requirement,feat_req_someiptp_763,CODE_tp_segmenter_tp_71,TC_test_tp_TpTest; TC_TP_006,Yes,Yes
REQ_TP_007,Set TP Flag in Message Type,requirement,feat_req_someiptp_765,CODE_tp_segmenter_tp_71; CODE_tp_segmenter_tp_231,TC_test_tp_TpTest; TC_TP_007,Yes,Yes
REQ_TP_008,Preserve Base Message Type,requirement,feat_req_someiptp_765; feat_req_someiptp_774,CODE_tp_segmenter_tp_71; CODE_tp_segmenter_tp_231,TC_test_tp_TpTest; TC_TP_008,Yes,Yes
REQ_TP_010,TP Header Position,requirement,feat_req_someiptp_766,CODE_tp_segmenter_tp_71,TC_test_tp_TpTest; TC_TP_001,Yes,Yes
REQ_TP_011,TP Header Size,requirement,feat_req_someiptp_766,CODE_tp_reassembler_tp_36; CODE_tp_segmenter_tp_71; CODE_tp_segmenter_tp_193,TC_test_tp_TpTest,Yes,Yes
REQ_TP_012,Offset Field Position,requirement,feat_req_someiptp_766; feat_req_someiptp_768,CODE_tp_reassembler_tp_36; CODE_tp_segmenter_tp_71; CODE_tp_segmenter_tp_193,TC_test_tp_TpTest,Yes,Yes
REQ_TP_013,Offset Value Calculation,requirement,feat_req_someiptp_767; feat_req_someiptp_768,CODE_tp_reassembler_tp_36; CODE_tp_segmenter_tp_71; CODE_tp_segmenter_tp_193,TC_test_tp_TpTest,Yes,Yes
REQ_TP_013_E01,Error - Invalid Offset Value,requirement,,CODE_tp_segmenter_tp_71; CODE_tp_segmenter_tp_193,TC_test_tp_TpTest; TC_TP_ERR_002; TC_TP_ERR_006,Yes,Yes
REQ_TP_014,First Segment Offset,requirement,feat_req_someiptp_767,CODE_tp_reassembler_tp_36; CODE_tp_segmenter_tp_71; CODE_tp_segmenter_tp_193,TC_test_tp_TpTest,Yes,Yes
REQ_TP_015,Offset 16-Byte Alignment,requirement,feat_req_someiptp_768,CODE_tp_reassembler_tp_36; CODE_tp_segmenter_tp_71; CODE_tp_segmenter_tp_193,TC_test_tp_TpTest,Yes,Yes
REQ_TP_015_E01,Error - Offset Not Aligned on Receive,requirement,,CODE_tp_reassembler_tp_36; CODE_tp_segmenter_tp_71; CODE_tp_segmenter_tp_193,TC_test_tp_TpTest; TC_TP_ERR_003; TC_TP_ERR_006,Yes,Yes
REQ_TP_016,Reserved Flags Position,requirement,feat_req_someiptp_769,CODE_tp_reassembler_tp_36; CODE_tp_segmenter_tp_71; CODE_tp_segmenter_tp_193,TC_test_tp_TpTest,Yes,Yes
REQ_TP_017,Reserved Flags Value on Send,requirement,feat_req_someiptp_769,CODE_tp_segmenter_tp_71; CODE_tp_segmenter_tp_193,TC_test_tp_TpTest,Yes,Yes
REQ_TP_018,Reserved Flags Ignored on Receive,requirement,feat_req_someiptp_769,CODE_tp_reassembler_tp_36; CODE_tp_segmenter_tp_71,TC_test_tp_TpTest,Yes,Yes
REQ_TP_019,More Segments Flag Position,requirement,feat_req_someiptp_770,CODE_tp_reassembler_tp_36; CODE_tp_segmenter_tp_71; CODE_tp_segmenter_tp_193,TC_test_tp_TpTest,Yes,Yes
REQ_TP_020,More Segments Flag Set for Non-Last,requirement,feat_req_someiptp_770,CODE_tp_reassembler_tp_36; CODE_tp_segmenter_tp_71; CODE_tp_segmenter_tp_193,TC_test_tp_TpTest,Yes,Yes
REQ_TP_021,More Segments Flag Clear for Last,requirement,feat_req_someiptp_770,CODE_tp_reassembler_tp_36; CODE_tp_segmenter_tp_71; CODE_tp_segmenter_tp_193,TC_test_tp_TpTest,Yes,Yes
REQ_TP_022,Segment Length Field,requirement,feat_req_someiptp_771,CODE_tp_segmenter_tp_71,TC_test_tp_TpTest,Yes,Yes
REQ_TP_030,Allocate Reassembly Buffer,requirement,feat_req_someiptp_774; feat_req_someiptp_782,CODE_tp_reassembler_tp_76,TC_test_tp_TpTest,Yes,Yes
REQ_TP_030_E01,Error - Buffer Overflow on Large Message,requirement,,CODE_tp_reassembler_tp_76,TC_test_tp_TpTest; TC_TP_ERR_003; TC_TP_ERR_007,Yes,Yes
REQ_TP_030_E02,Error - Maximum Concurrent Transfers,requirement,,CODE_tp_reassembler_tp_107,TC_test_tp_TpTest; TC_TP_ERR_004; TC_TP_ERR_007,Yes,Yes
REQ_TP_031,Buffer Identification,requirement,feat_req_someiptp_781; feat_req_someiptp_794,CODE_tp_reassembler_tp_76,TC_test_tp_TpTest,Yes,Yes
REQ_TP_032,Buffer Size Estimation,requirement,feat_req_someiptp_787,CODE_tp_reassembler_tp_76,TC_test_tp_TpTest,Yes,Yes
REQ_TP_033,Buffer Resize on Final Segment,requirement,feat_req_someiptp_770; feat_req_someiptp_783,CODE_tp_reassembler_tp_107,TC_test_tp_TpTest,Yes,Yes
REQ_TP_034,Store Segment by Offset,requirement,feat_req_someiptp_774; feat_req_someiptp_789,CODE_tp_reassembler_tp_107,TC_test_tp_TpTest,Yes,Yes
REQ_TP_035,Track Received Segments,requirement,feat_req_someiptp_774; feat_req_someiptp_789,CODE_tp_reassembler_tp_107,TC_test_tp_TpTest,Yes,Yes
REQ_TP_036,Detect Duplicate Segments,requirement,feat_req_someiptp_780,CODE_tp_reassembler_tp_142,TC_test_tp_TpTest,Yes,Yes
REQ_TP_037,Detect Overlapping Segments,requirement,feat_req_someiptp_780,CODE_tp_reassembler_tp_142,TC_test_tp_TpTest,Yes,Yes
REQ_TP_038,Handle Out-of-Order Segments,requirement,feat_req_someiptp_774; feat_req_someiptp_789; feat_req_someiptp_790,CODE_tp_reassembler_tp_142,TC_test_tp_TpTest,Yes,Yes
REQ_TP_039,Complete on Last Segment with No Gaps,requirement,feat_req_someiptp_774; feat_req_someiptp_783,CODE_tp_reassembler_tp_166,TC_test_tp_TpTest,Yes,Yes
REQ_TP_039_E01,Error - Missing Segments at Completion,requirement,,CODE_tp_reassembler_tp_166,TC_test_tp_TpTest; TC_TP_ERR_004,Yes,Yes
REQ_TP_040,Delayed Completion for Out-of-Order Last,requirement,feat_req_someiptp_774,CODE_tp_reassembler_tp_166,TC_test_tp_TpTest,Yes,Yes
REQ_TP_041,Deliver Reassembled Message,requirement,feat_req_someiptp_774; feat_req_someiptp_783,CODE_tp_reassembler_tp_166,TC_test_tp_TpTest,Yes,Yes
REQ_TP_042,Release Buffer After Delivery,requirement,feat_req_someiptp_774,CODE_tp_reassembler_tp_166,TC_test_tp_TpTest,Yes,Yes
REQ_TP_043,Error - Total Length Inconsistency,requirement,feat_req_someiptp_774; feat_req_someiptp_792,CODE_tp_reassembler_tp_166,TC_test_tp_TpTest,Yes,Yes
REQ_TP_050,Start Reassembly Timer,requirement,feat_req_someiptp_774; feat_req_someiptp_796,CODE_tp_manager_tp_52,TC_test_tp_TpTest; TC_TP_001,Yes,Yes
REQ_TP_050_E01,Error - Timer Creation Failure,requirement,,CODE_tp_manager_tp_52,TC_test_tp_TpTest; TC_TP_ERR_005; TC_TP_ERR_008,Yes,Yes
REQ_TP_050_E02,Error - Timer Already Active,requirement,,CODE_tp_manager_tp_118,TC_test_tp_TpTest; TC_TP_ERR_005,Yes,Yes
REQ_TP_051,Configurable Timeout Value,requirement,feat_req_someiptp_774,CODE_tp_manager_tp_52,TC_test_tp_TpTest,Yes,Yes
REQ_TP_052,Timer Reset on Segment (Optional),requirement,feat_req_someiptp_774,CODE_tp_manager_tp_89,TC_test_tp_TpTest,Yes,Yes
REQ_TP_053,Timer Expiry Detection,requirement,feat_req_someiptp_774; feat_req_someiptp_796,CODE_tp_manager_tp_89,TC_test_tp_TpTest,Yes,Yes
REQ_TP_054,Discard Buffer on Timeout,requirement,feat_req_someiptp_774; feat_req_someiptp_796,CODE_tp_manager_tp_89,TC_test_tp_TpTest,Yes,Yes
REQ_TP_055,Release Buffer Resources on Timeout,requirement,feat_req_someiptp_774,CODE_tp_manager_tp_118,TC_test_tp_TpTest,Yes,Yes
REQ_TP_056,Report Timeout Error,requirement,feat_req_someiptp_774; feat_req_someiptp_792,CODE_tp_manager_tp_118,TC_test_tp_TpTest,Yes,Yes
REQ_TP_057,Log Timeout Details,requirement,feat_req_someiptp_774,CODE_tp_manager_tp_118,TC_test_tp_TpTest,Yes,Yes
REQ_TP_060,Track Segmentation Statistics,requirement,feat_req_someiptp_774; feat_req_someiptp_801,CODE_tp_manager_tp_229,TC_test_tp_TpTest,Yes,Yes
REQ_TP_061,Track Reassembly Statistics,requirement,feat_req_someiptp_774; feat_req_someiptp_801,CODE_tp_manager_tp_229,TC_test_tp_TpTest,Yes,Yes
REQ_TP_062,Track Error Statistics,requirement,feat_req_someiptp_774; feat_req_someiptp_792,CODE_tp_manager_tp_229,TC_test_tp_TpTest,Yes,Yes
REQ_TP_063,Query Active Reassemblies,requirement,feat_req_someiptp_774,CODE_tp_manager_tp_229,TC_test_tp_TpTest,Yes,Yes
REQ_TP_070,Segment Only Configured Messages,requirement,feat_req_someiptp_788; feat_req_someiptp_775,CODE_tp_manager_tp_237; CODE_tp_segmenter_tp_31; CODE_tp_segmenter_tp_71; CODE_tp_segmenter_tp_185,TC_test_tp_TpTest,Yes,Yes
REQ_TP_071,Send Segments in Ascending Order,requirement,feat_req_someiptp_777,CODE_tp_manager_tp_237; CODE_tp_segmenter_tp_31; CODE_tp_segmenter_tp_71; CODE_tp_segmenter_tp_185,TC_test_tp_TpTest,Yes,Yes
REQ_TP_072,Uniform Segment Size,requirement,feat_req_someiptp_778; feat_req_someiptp_779,CODE_tp_manager_tp_237; CODE_tp_segmenter_tp_31; CODE_tp_segmenter_tp_71; CODE_tp_segmenter_tp_185,TC_test_tp_TpTest,Yes,Yes
REQ_TP_072_E01,Error - Segment Size Exceeds Maximum,requirement,,CODE_tp_reassembler_tp_36; CODE_tp_reassembler_tp_107,TC_test_tp_TpTest; TC_TP_E01,Yes,Yes
REQ_TP_073,No Overlapping or Duplicate Segments,requirement,feat_req_someiptp_780,CODE_tp_manager_tp_237; CODE_tp_segmenter_tp_31; CODE_tp_segmenter_tp_71; CODE_tp_segmenter_tp_185,TC_test_tp_TpTest,Yes,Yes
REQ_TP_074,Configured Client IDs for TP,requirement,feat_req_someiptp_786,CODE_tp_manager_tp_237; CODE_tp_segmenter_tp_31; CODE_tp_segmenter_tp_71; CODE_tp_segmenter_tp_185,TC_test_tp_TpTest,Yes,Yes
REQ_TP_075,Traffic Shaping for Segments,requirement,feat_req_someiptp_801,CODE_tp_manager_tp_237; CODE_tp_segmenter_tp_31; CODE_tp_segmenter_tp_71; CODE_tp_segmenter_tp_185,TC_test_tp_TpTest,Yes,Yes
REQ_TP_076,Session ID Based Reassembly Detection,requirement,feat_req_someiptp_793; feat_req_someiptp_795; feat_req_someiptp_776,CODE_tp_manager_tp_237; CODE_tp_reassembler_tp_76; CODE_tp_segmenter_tp_71,TC_test_tp_TpTest,Yes,Yes
REQ_TP_076_E01,Error - Reassembly Buffer Full,requirement,,CODE_tp_reassembler_tp_36; CODE_tp_reassembler_tp_107,TC_test_tp_TpTest; TC_TP_E02,Yes,Yes
REQ_TP_076_E02,Error - TP Reassembly Result Exceeds Maximum Message Size,requirement,,CODE_tp_reassembler_tp_36; CODE_tp_reassembler_tp_107,TC_test_tp_TpTest; TC_TP_E02,Yes,Yes
REQ_TP_077,Return Code from Last Segment,requirement,feat_req_someiptp_784,CODE_tp_manager_tp_237; CODE_tp_reassembler_tp_76; CODE_tp_segmenter_tp_71,TC_test_tp_TpTest,Yes,Yes
REQ_TP_078,Clear TP Flag After Reassembly,requirement,feat_req_someiptp_785,CODE_tp_manager_tp_237; CODE_tp_reassembler_tp_76; CODE_tp_segmenter_tp_71,TC_test_tp_TpTest,Yes,Yes
REQ_TP_079,Cancel Reassembly on Resource Exhaustion,requirement,feat_req_someiptp_796,CODE_tp_reassembler_tp_76; CODE_tp_reassembler_tp_272; CODE_tp_reassembler_tp_281,TC_test_tp_TpTest,Yes,Yes
REQ_TP_080,No Cross-Message Reordering,requirement,feat_req_someiptp_802; feat_req_someiptp_803,CODE_tp_reassembler_tp_76; CODE_tp_reassembler_tp_166,TC_test_tp_TpTest,Yes,Yes
REQ_TP_081,Overlapping Segment Handling,requirement,feat_req_someiptp_810; feat_req_someiptp_797; feat_req_someiptp_820,CODE_tp_reassembler_tp_76; CODE_tp_reassembler_tp_166,TC_test_tp_TpTest,Yes,Yes
REQ_TP_082,TP Error Handling,requirement,feat_req_someiptp_792; feat_req_someiptp_832,CODE_tp_reassembler_tp_36; CODE_tp_reassembler_tp_76,TC_test_tp_TpTest,Yes,Yes
REQ_TP_082_E01,Error - TP Message Type Mismatch,requirement,,CODE_tp_reassembler_tp_36,TC_test_tp_TpTest; TC_TP_E04,Yes,Yes
REQ_TP_082_E02,Error - TP Segment With Wrong Protocol Version,requirement,,CODE_tp_reassembler_tp_36,TC_test_tp_TpTest; TC_TP_E04,Yes,Yes
REQ_TP_082_E03,Error - Invalid TP Offset Alignment,requirement,,CODE_tp_reassembler_tp_36,TC_test_tp_TpTest; TC_TP_E03,Yes,Yes
REQ_TP_082_E04,Error - TP Zero-Length Segment,requirement,,CODE_tp_reassembler_tp_36,TC_test_tp_TpTest; TC_TP_E03,Yes,Yes
REQ_TRANSPORT_001A,UDP Bind and Unicast Send/Receive,requirement,feat_req_someip_32; feat_req_someip_318; feat_req_someip_319; feat_req_someip_33,CODE_udp_transport_transport_23; CODE_udp_transport_transport_45,TC_test_udp_transport_UdpTransportTest; TC_test_echo_integration_74; TC_test_echo_integration_108; TC_test_full_stack_integration_1,Yes,Yes
REQ_TRANSPORT_001B,UDP Multicast Support,requirement,feat_req_someip_584; feat_req_someip_811; feat_req_someip_315; feat_req_someip_316,CODE_udp_transport_transport_23; CODE_udp_transport_transport_45,TC_test_udp_transport_UdpTransportTest; TC_test_echo_integration_74; TC_test_echo_integration_108; TC_test_full_stack_integration_1,Yes,Yes
REQ_TRANSPORT_001C,Non-Blocking I/O and Thread Safety,requirement,feat_req_someip_659; feat_req_someip_664; feat_req_someip_317,CODE_udp_transport_transport_23; CODE_udp_transport_transport_45,TC_test_udp_transport_UdpTransportTest; TC_test_echo_integration_74; TC_test_full_stack_integration_1,Yes,Yes
REQ_TRANSPORT_001_E01,Error - UDP Send Failure,requirement,,CODE_udp_transport_transport_45; CODE_udp_transport_transport_396,TC_test_udp_transport_UdpTransportTest; TC_UDP_E01,Yes,Yes
REQ_TRANSPORT_001_E02,Error - UDP Bind Failure,requirement,,CODE_udp_transport_transport_45; CODE_udp_transport_transport_396,TC_test_udp_transport_UdpTransportTest; TC_UDP_E02,Yes,Yes
REQ_TRANSPORT_001_E03,Error - UDP Receive Buffer Too Small,requirement,,CODE_udp_transport_transport_45; CODE_udp_transport_transport_396,TC_test_udp_transport_UdpTransportTest; TC_UDP_E03,Yes,Yes
REQ_TRANSPORT_002A,TCP Client/Server Modes,requirement,feat_req_someip_32; feat_req_someip_325; feat_req_someip_323; feat_req_someip_324,CODE_tcp_transport_transport_25,TC_test_tcp_transport_TcpTransportTest; TC_test_full_stack_integration_1,Yes,Yes
REQ_TRANSPORT_002B,TCP Framing and State Management,requirement,feat_req_someip_585; feat_req_someip_644; feat_req_someip_645; feat_req_someip_661,CODE_tcp_transport_transport_25,TC_test_tcp_transport_TcpTransportTest; TC_test_full_stack_integration_1,Yes,Yes
REQ_TRANSPORT_002_E01,Error - TCP Connection Refused,requirement,,CODE_tcp_transport_transport_294; CODE_tcp_transport_transport_461; CODE_tcp_transport_transport_486,TC_test_tcp_transport_TcpTransportTest; TC_TCP_E01,Yes,Yes
REQ_TRANSPORT_002_E02,Error - TCP Connection Reset,requirement,,CODE_tcp_transport_transport_294; CODE_tcp_transport_transport_461; CODE_tcp_transport_transport_486,TC_test_tcp_transport_TcpTransportTest; TC_TCP_E02,Yes,Yes
REQ_TRANSPORT_002_E03,Error - TCP Message Framing Error,requirement,,CODE_tcp_transport_transport_294; CODE_tcp_transport_transport_461; CODE_tcp_transport_transport_486,TC_test_tcp_transport_TcpTransportTest; TC_TCP_E03,Yes,Yes
REQ_TRANSPORT_002_E04,Error - TCP Send on Disconnected Socket,requirement,,CODE_tcp_transport_transport_294; CODE_tcp_transport_transport_461; CODE_tcp_transport_transport_486,TC_test_tcp_transport_TcpTransportTest; TC_TCP_E04,Yes,Yes
REQ_TRANSPORT_003A,Connection State Tracking and Notification,requirement,feat_req_someip_326; feat_req_someip_644; feat_req_someip_646,CODE_tcp_transport_transport_25,TC_test_tcp_transport_TcpTransportTest,Yes,Yes
REQ_TRANSPORT_003B,Graceful Shutdown and Error Handling,requirement,feat_req_someip_647; feat_req_someip_678; feat_req_someip_679; feat_req_someip_680,CODE_tcp_transport_transport_25,TC_test_tcp_transport_TcpTransportTest,Yes,Yes
REQ_TRANSPORT_003_E01,Error - TCP Server Socket Exhaustion,requirement,,CODE_tcp_transport_transport_195,TC_test_tcp_transport_TcpTransportTest; TC_TCP_E04,Yes,Yes
REQ_TRANSPORT_004A,Retry Send on Transient Errors,requirement,feat_req_someip_429; feat_req_someip_430; feat_req_someip_434; feat_req_someip_435,CODE_udp_transport_transport_45,TC_test_tcp_transport_TcpTransportTest; TC_test_udp_transport_UdpTransportTest; TC_test_echo_integration_74; TC_test_echo_integration_108,Yes,Yes
REQ_TRANSPORT_004B,Socket Close/Reopen on Persistent Errors,requirement,feat_req_someip_436; feat_req_someip_437; feat_req_someip_438,CODE_udp_transport_transport_45,TC_test_tcp_transport_TcpTransportTest; TC_test_udp_transport_UdpTransportTest; TC_test_echo_integration_74; TC_test_echo_integration_108,Yes,Yes
REQ_TRANSPORT_004C,Error Logging with Detail,requirement,feat_req_someip_439; feat_req_someip_440; feat_req_someip_441,CODE_udp_transport_transport_45,TC_test_tcp_transport_TcpTransportTest; TC_test_udp_transport_UdpTransportTest; TC_test_echo_integration_74,Yes,Yes
REQ_TRANSPORT_004D,Return Error Codes and Configurable Retry,requirement,feat_req_someip_326; feat_req_someip_371; feat_req_someip_442; feat_req_someip_443,CODE_udp_transport_transport_45,TC_test_tcp_transport_TcpTransportTest; TC_test_udp_transport_UdpTransportTest; TC_test_echo_integration_74,Yes,Yes
REQ_TRANSPORT_005,Abstract Transport Interface,requirement,feat_req_someip_32; feat_req_someip_56; feat_req_someip_31,CODE_tcp_transport_transport_25; CODE_udp_transport_transport_23,TC_test_tcp_transport_TcpTransportTest; TC_test_udp_transport_UdpTransportTest,Yes,Yes
REQ_TRANSPORT_006,Endpoint Configuration,requirement,feat_req_someip_32; feat_req_someip_659; feat_req_someip_660; feat_req_someip_661; feat_req_someip_733,CODE_endpoint_transport_32,TC_test_endpoint_EndpointTest; TC_test_udp_transport_UdpTransportTest,Yes,Yes
REQ_TRANSPORT_006_E01,Error - Endpoint Address Format Invalid,requirement,,CODE_udp_transport_transport_89,TC_test_udp_transport_UdpTransportTest; TC_UDP_E04,Yes,Yes
REQ_TRANSPORT_010,nPDU Feature Support,requirement,feat_req_someip_702; feat_req_someip_741; feat_req_someip_663,CODE_udp_transport_transport_423,TC_test_udp_transport_UdpTransportTest,Yes,Yes
REQ_TRANSPORT_011,UDP Multicast Support,requirement,feat_req_someip_811; feat_req_someip_812; feat_req_someip_814,CODE_udp_transport_transport_174; CODE_udp_transport_transport_329,TC_test_udp_transport_UdpTransportTest,Yes,Yes
REQ_TRANSPORT_011_E01,Error - Multicast Join Failure,requirement,,CODE_udp_transport_transport_174; CODE_udp_transport_transport_223; CODE_udp_transport_transport_329,TC_test_udp_transport_UdpTransportTest; TC_UDP_E05,Yes,Yes
REQ_TRANSPORT_011_E02,Error - UDP Multicast TTL Configuration,requirement,,CODE_udp_transport_transport_174; CODE_udp_transport_transport_223; CODE_udp_transport_transport_329,TC_test_udp_transport_UdpTransportTest; TC_UDP_E05,Yes,Yes
REQ_TRANSPORT_012,Multicast Threshold Switching,requirement,feat_req_someip_813,CODE_udp_transport_transport_23,TC_test_udp_transport_UdpTransportTest,Yes,Yes
REQ_TRANSPORT_013,Internal Message Multiplexing,requirement,feat_req_someip_732,,TC_test_udp_transport_UdpTransportTest,No,Yes
REQ_TRANSPORT_014,Port Configuration,requirement,feat_req_someip_658; feat_req_someip_676; feat_req_someip_733,CODE_udp_transport_transport_311,TC_test_udp_transport_UdpTransportTest,Yes,Yes
REQ_TRANSPORT_014_E01,Error - Port Already In Use,requirement,,CODE_udp_transport_transport_311,TC_test_udp_transport_UdpTransportTest,Yes,Yes
REQ_TRANSPORT_015,Ephemeral Port Range,requirement,feat_req_someip_661,,TC_test_udp_transport_UdpTransportTest,No,Yes
REQ_TRANSPORT_016,Client-Initiated TCP Connection,requirement,feat_req_someip_646; feat_req_someip_647,CODE_tcp_transport_transport_294,TC_test_tcp_transport_TcpTransportTest,Yes,Yes
REQ_TRANSPORT_016_E01,Error - TCP Reconnection Exhaustion,requirement,,CODE_tcp_transport_transport_294,TC_test_tcp_transport_TcpTransportTest; TC_TCP_E05,Yes,Yes
REQ_TRANSPORT_017,TCP Connection Sharing,requirement,feat_req_someip_644; feat_req_someip_645,CODE_tcp_transport_transport_255,TC_test_tcp_transport_TcpTransportTest,Yes,Yes
REQ_TRANSPORT_018,TCP Connection Closure,requirement,feat_req_someip_678; feat_req_someip_679; feat_req_someip_680,CODE_tcp_transport_transport_294,TC_test_tcp_transport_TcpTransportTest,Yes,Yes
REQ_TRANSPORT_019,TCP Timeout on Connection Loss,requirement,feat_req_someip_326; feat_req_someip_681,CODE_tcp_transport_transport_143,TC_test_tcp_transport_TcpTransportTest,Yes,Yes
REQ_TRANSPORT_020,TCP Magic Cookie Messages,requirement,feat_req_someip_586; feat_req_someip_591; feat_req_someip_592; feat_req_someip_609; feat_req_someip_619,CODE_udp_transport_transport_121,TC_test_tcp_transport_TcpTransportTest,Yes,Yes
REQ_TRANSPORT_021,Magic Cookie Fallback Heuristic,requirement,feat_req_someip_593; feat_req_someip_594,CODE_udp_transport_transport_121,TC_test_tcp_transport_TcpTransportTest,Yes,Yes
REQ_TRANSPORT_022,Multiple Service Instance Port Binding,requirement,feat_req_someip_445; feat_req_someip_636; feat_req_someip_967; feat_req_someip_1079; feat_req_someip_444,CODE_udp_transport_transport_121,TC_test_udp_transport_UdpTransportTest,Yes,Yes
REQ_TRANSPORT_023,Client Server Address Resolution,requirement,feat_req_someip_660; feat_req_someip_665,CODE_udp_transport_transport_121,TC_test_udp_transport_UdpTransportTest,Yes,Yes
REQ_TRANSPORT_024,Unaligned Message Reception,requirement,feat_req_someip_664; feat_req_someip_668,CODE_tcp_transport_transport_378,TC_test_udp_transport_UdpTransportTest,Yes,Yes
REQ_TRANSPORT_025,Magic Cookie Message Format,requirement,feat_req_someip_589; feat_req_someip_607,CODE_udp_transport_transport_145,TC_test_tcp_transport_TcpTransportTest,Yes,Yes
